ID,Word
0,<unk>
1,<pad>
2,<sos>
3,<eos>
4,.
5,un
6,une
7,Un
8,de
9,en
10,d'
11,dans
12,sur
13,homme
14,et
15,avec
16,Une
17,des
18,la
19,à
20,","
21,femme
22,l'
23,est
24,le
25,Deux
26,-
27,debout
28,se
29,personnes
30,sont
31,jeune
32,devant
33,hommes
34,tandis
35,fille
36,du
37,groupe
38,garçon
39,assis
40,chien
41,Des
42,au
43,son
44,les
45,rue
46,rouge
47,qu'
48,noir
49,portant
50,shirt
51,blanc
52,pour
53,T
54,gens
55,train
56,bleu
57,eau
58,femmes
59,fait
60,enfant
61,enfants
62,qui
63,sa
64,côté
65,tient
66,par
67,deux
68,autre
69,regarde
70,Trois
71,que
72,petit
73,joue
74,près
75,s'
76,personne
77,tenant
78,vêtu
79,jouant
80,photo
81,jaune
82,chemise
83,air
84,jeunes
85,vélo
86,jouent
87,petite
88,regardant
89,lors
90,dehors
91,a
92,bâtiment
93,marche
94,lunettes
95,blanche
96,veste
97,ses
98,assise
99,trottoir
100,saute
101,faisant
102,regardent
103,cheveux
104,tout
105,foule
106,marchant
107,derrière
108,vert
109,plage
110,bleue
111,porte
112,table
113,court
114,Le
115,neige
116,ballon
117,main
118,il
119,quelque
120,rose
121,arrière-plan
122,chose
123,autres
124,filles
125,brun
126,grand
127,tenue
128,herbe
129,orange
130,marchent
131,aux
132,chiens
133,chapeau
134,""""
135,vers
136,football
137,ville
138,noire
139,mur
140,autour
141,sous
142,leurs
143,soleil
144,robe
145,balle
146,font
147,guitare
148,garçons
149,parc
150,assises
151,course
152,sac
153,bois
154,elle
155,ensemble
156,marron
157,scène
158,terre
159,dessus
160,Quatre
161,long
162,joueur
163,gars
164,terrain
165,banc
166,maillot
167,vêtue
168,Plusieurs
169,asiatique
170,haut
171,lui
172,jean
173,pantalon
174,tête
175,gris
176,voiture
177,costume
178,très
179,casque
180,y
181,dos
182,verte
183,casquette
184,short
185,La
186,couple
187,bord
188,route
189,bébé
190,cheval
191,match
192,vêtements
193,gros
194,bateau
195,extérieur
196,grande
197,sautant
198,téléphone
199,rouges
200,magasin
201,piscine
202,pendant
203,nourriture
204,sable
205,L'
206,champ
207,prend
208,milieu
209,courant
210,sol
211,au-dessus
212,leur
213,trois
214,Il
215,arbre
216,faire
217,Les
218,manteau
219,parle
220,sweat
221,noirs
222,passe
223,journée
224,blancs
225,bras
226,skateboard
227,contre
228,visage
229,vieil
230,courent
231,âgé
232,blonde
233,équipe
234,face
235,souriant
236,tennis
237,eux
238,restaurant
239,micro
240,salle
241,lit
242,sourit
243,portable
244,océan
245,mains
246,montagne
247,chemin
248,pose
249,moto
250,arbres
251,piste
252,fleurs
253,entre
254,cuisine
255,jeu
256,âgée
257,tente
258,travaille
259,marché
260,plein
261,baseball
262,bain
263,travers
264,où
265,parlant
266,après
267,tenues
268,vêtus
269,plan
270,arrière
271,jouer
272,appareil
273,attraper
274,joueurs
275,nuit
276,travaillant
277,camion
278,jouet
279,nu
280,ou
281,ouvriers
282,rayé
283,planche
284,plusieurs
285,tiennent
286,débardeur
287,habillé
288,livre
289,rampe
290,gueule
291,pièce
292,travaillent
293,bus
294,intérieur
295,rivière
296,blanches
297,bleus
298,adultes
299,musique
300,rocher
301,violet
302,semble
303,torse
304,américain
305,cycliste
306,fenêtre
307,petits
308,pierre
309,chaise
310,danse
311,bas
312,maison
313,pont
314,spectateurs
315,ils
316,Cinq
317,lac
318,utilise
319,plus
320,être
321,basket
322,chante
323,clôture
324,pelouse
325,objectif
326,corde
327,bonnet
328,gilet
329,public
330,marches
331,objet
332,De
333,costumes
334,fête
335,balançoire
336,glace
337,stand
338,zone
339,manger
340,montre
341,métro
342,polo
343,posent
344,vague
345,figure
346,prenant
347,t
348,allongé
349,chariot
350,sacs
351,escalade
352,regarder
353,couleur
354,point
355,bâton
356,forêt
357,parlent
358,pieds
359,briques
360,oranges
361,trouve
362,chaussures
363,famille
364,machine
365,beige
366,ordinateur
367,colline
368,passent
369,quai
370,base
371,escalier
372,carreaux
373,jaunes
374,longs
375,prendre
376,pull
377,verre
378,casques
379,fontaine
380,peint
381,shirts
382,vieux
383,canapé
384,ce
385,ball
386,combinaison
387,elles
388,enneigée
389,photos
390,asiatiques
391,avant
392,bruns
393,noires
394,pente
395,beaucoup
396,hockey
397,parapluie
398,parmi
399,prépare
400,graffitis
401,tous
402,blond
403,dont
404,ensoleillée
405,sorte
406,alors
407,bleues
408,café
409,papier
410,quelqu'
411,saut
412,travail
413,utilisant
414,vif
415,ont
416,gilets
417,quatre
418,sommet
419,bouche
420,dansent
421,fruits
422,ouvrier
423,pêche
424,attendent
425,barbe
426,feu
427,loin
428,adulte
429,nombreux
430,numéro
431,attendant
432,béton
433,frapper
434,frisbee
435,genoux
436,panneau
437,pied
438,pom
439,statue
440,vêtues
441,bureau
442,cyclistes
443,hiver
444,nus
445,plastique
446,tas
447,airs
448,attend
449,cour
450,descend
451,pleine
452,proximité
453,toit
454,uniforme
455,instruments
456,passant
457,dansant
458,essayant
459,ligne
460,lisant
461,posant
462,drapeau
463,feuilles
464,foot
465,pancarte
466,rochers
467,spectacle
468,tire
469,ciel
470,journal
471,montagnes
472,monte
473,portent
474,uniformes
475,âge
476,événement
477,maillots
478,met
479,sautent
480,chaises
481,clair
482,défilé
483,fréquentée
484,métallique
485,sécurité
486,traverse
487,yeux
488,foncés
489,forme
490,grosse
491,jupe
492,mangeant
493,nombreuses
494,place
495,promène
496,sport
497,structure
498,vue
499,dort
500,lancer
501,mère
502,sauter
503,ski
504,sourient
505,tapis
506,bière
507,chapeaux
508,classe
509,coin
510,fauteuil
511,pousse
512,prennent
513,quelques
514,rempli
515,repas
516,rodéo
517,belle
518,lance
519,moyen
520,vélos
521,comme
522,concert
523,sentier
524,voitures
525,écrit
526,étant
527,brune
528,depuis
529,habillée
530,nombre
531,panier
532,Noël
533,bar
534,compétition
535,légumes
536,toboggan
537,cow
538,gauche
539,glisse
540,instrument
541,sans
542,tablier
543,équilibre
544,donne
545,aide
546,barbu
547,blonds
548,buvant
549,chantant
550,cigarette
551,coup
552,entouré
553,couleurs
554,paysage
555,pluie
556,skateur
557,apprête
558,ballons
559,bottes
560,cours
561,gants
562,morceau
563,pilote
564,surf
565,verts
566,vieille
567,artiste
568,battent
569,colorés
570,côte
571,doigt
572,drapeaux
573,frappe
574,grise
575,habillés
576,longue
577,rocheuse
578,véhicule
579,âgées
580,Beaucoup
581,amis
582,dame
583,falaise
584,jardin
585,poteau
586,produits
587,traversent
588,boy
589,construction
590,roulant
591,Quelqu'
592,bien
593,bouteille
594,bâtiments
595,jeux
596,petites
597,préparant
598,rassemblent
599,snowboardeur
600,foncé
601,mange
602,martiaux
603,peinture
604,seau
605,surfeur
606,arts
607,bowling
608,caméra
609,centre
610,courses
611,grands
612,musiciens
613,parler
614,policier
615,robes
616,temps
617,vendeur
618,vitrine
619,Quelques
620,art
621,but
622,chevaux
623,fils
624,masque
625,vertes
626,boule
627,capuche
628,chantier
629,couverture
630,lire
631,mangent
632,nage
633,ayant
634,longues
635,même
636,pavée
637,penche
638,préparent
639,traversant
640,Cette
641,collier
642,espace
643,filet
644,lieu
645,ouverte
646,pas
647,peu
648,père
649,roses
650,échelle
651,étendue
652,bulles
653,canne
654,immeuble
655,manches
656,matériel
657,motocross
658,premier
659,skieur
660,âgés
661,avion
662,avoir
663,bikini
664,descendant
665,photographe
666,pompiers
667,poussette
668,rayée
669,rivage
670,vend
671,écran
672,Six
673,adolescent
674,batterie
675,différentes
676,discutent
677,droite
678,gâteau
679,orchestre
680,parking
681,poisson
682,remplie
683,tirant
684,vagues
685,allongée
686,mer
687,sombre
688,vendant
689,équipes
690,boissons
691,conversation
692,essaie
693,marcher
694,tour
695,violette
696,cinq
697,coucher
698,couvert
699,laisse
700,recouverte
701,skate
702,taureau
703,terrasse
704,traverser
705,violon
706,été
707,animée
708,boue
709,cascade
710,clients
711,comptoir
712,coupe
713,station
714,tableau
715,affiche
716,allée
717,argent
718,boisson
719,mariage
720,oiseau
721,pause
722,policiers
723,attrape
724,chauve
725,ciment
726,coloré
727,cordes
728,cravate
729,dents
730,mariée
731,montrant
732,peluche
733,roule
734,vient
735,vole
736,écharpe
737,étudiants
738,joueuse
739,objets
740,pelle
741,promenant
742,randonnée
743,rassemblées
744,tasse
745,voie
746,volley
747,coureur
748,coureurs
749,cuir
750,foulard
751,recouvert
752,rit
753,roller
754,rousse
755,sort
756,surfe
757,électrique
758,adolescents
759,animal
760,barbecue
761,conduit
762,jouets
763,miroir
764,métal
765,trou
766, 
767,chemisier
768,clown
769,hors
770,juste
771,lève
772,marathon
773,membres
774,monsieur
775,motard
776,ombre
777,paroi
778,vestes
779,arbitre
780,discutant
781,golf
782,jette
783,passage
784,pierres
785,promenade
786,salon
787,stade
788,suspendu
789,tables
790,écouteurs
791,chef
792,fond
793,jusqu'
794,manège
795,prairie
796,sandales
797,taille
798,balance
799,boit
800,courts
801,endroit
802,habillées
803,microscope
804,profonde
805,ruelle
806,viande
807,vive
808,volant
809,église
810,épaules
811,C'
812,accordéon
813,désert
814,effectuant
815,fume
816,ne
817,plantes
818,poussant
819,protection
820,quartier
821,seul
822,snowboard
823,souriante
824,tunnel
825,barrière
826,batte
827,chat
828,kaki
829,kayak
830,mouvement
831,pays
832,raquette
833,représentant
834,rues
835,surplombant
836,bâtons
837,courir
838,donnant
839,laboratoire
840,multicolore
841,réunis
842,sauvetage
843,sculpture
844,signe
845,toutes
846,tronc
847,tuyau
848,virage
849,accroupi
850,bordée
851,boîte
852,caisse
853,colorée
854,cérémonie
855,karaté
856,nageant
857,rangée
858,repose
859,scooter
860,sieste
861,trampoline
862,travailler
863,télescope
864,va
865,énorme
866,balustrade
867,batteur
868,cette
869,effectue
870,escaliers
871,fumant
872,grimpe
873,jambe
874,participant
875,police
876,produit
877,profitant
878,promènent
879,remorque
880,ruisseau
881,semblent
882,vendre
883,vide
884,volleyball
885,épaule
886,campagne
887,endormi
888,entourée
889,entrée
890,girls
891,gymnase
892,hauts
893,motifs
894,nettoie
895,nettoyant
896,nez
897,piétons
898,rient
899,roulettes
900,soirée
901,soit
902,solitaire
903,tissu
904,touche
905,tout-petit
906,têtes
907,Voici
908,aire
909,barre
910,bol
911,bondée
912,brosse
913,cadre
914,cercle
915,chemises
916,chinois
917,colorées
918,descendent
919,doigts
920,eaux
921,enneigé
922,escaladant
923,examine
924,gardien
925,lumière
926,lumières
927,paille
928,park
929,poubelle
930,projet
931,riant
932,roue
933,roux
934,uns
935,voit
936,écoute
937,Dans
938,balaie
939,couper
940,façade
941,gare
942,glissant
943,gonflable
944,gymnaste
945,mettant
946,militaire
947,moment
948,pantalons
949,participent
950,penché
951,roulent
952,sale
953,soldats
954,utilisent
955,vin
956,équipement
957,adverse
958,afro-américain
959,balcon
960,bondé
961,canoë
962,combat
963,coupant
964,façon
965,figures
966,fresque
967,gril
968,guitariste
969,haute
970,hautes
971,jambes
972,jetée
973,lanceur
974,lançant
975,manteaux
976,marteau
977,montent
978,obstacle
979,peignant
980,pompier
981,randonneur
982,randonneurs
983,shorts
984,type
985,école
986,écoutant
987,éloigne
988,Ce
989,animaux
990,appuie
991,articles
992,bagages
993,cou
994,couché
995,divers
996,linge
997,livres
998,monde
999,oiseaux
1000,parcours
1001,partie
1002,plat
1003,queue
1004,rassemblés
1005,ruban
1006,réparer
1007,sourire
1008,supermarché
1009,surface
1010,traditionnels
1011,travaux
1012,vache
1013,étang
1014,athlète
1015,blouse
1016,brandit
1017,certains
1018,chantent
1019,circulation
1020,cowboy
1021,festival
1022,heureux
1023,langue
1024,montant
1025,ordures
1026,outils
1027,pique-nique
1028,plateau
1029,profite
1030,saxophone
1031,tatouage
1032,tentent
1033,toute
1034,Ces
1035,affrontent
1036,ami
1037,arrêt
1038,cavalier
1039,coté
1040,direction
1041,frappant
1042,jogging
1043,militaires
1044,monticule
1045,nouveau
1046,observe
1047,parapluies
1048,parasol
1049,passerelle
1050,peau
1051,piéton
1052,prêt
1053,publique
1054,quad
1055,salto
1056,seule
1057,tape
1058,tir
1059,troisième
1060,urbain
1061,voile
1062,voir
1063,éclaboussures
1064,Cet
1065,VTT
1066,agent
1067,amusent
1068,balai
1069,bout
1070,cadeau
1071,camouflage
1072,carton
1073,chanteur
1074,chevauche
1075,chez
1076,comment
1077,dit
1078,dîner
1079,image
1080,jour
1081,luge
1082,motos
1083,musicien
1084,part
1085,pattes
1086,pavé
1087,peut-être
1088,pois
1089,rollers
1090,salopette
1091,six
1092,tenir
1093,tombe
1094,touristes
1095,vidéo
1096,En
1097,On
1098,alimentaire
1099,amusant
1100,arène
1101,atteindre
1102,attentivement
1103,chambre
1104,couloir
1105,couverte
1106,danser
1107,différents
1108,flaque
1109,foncée
1110,humide
1111,ordinateurs
1112,ouvre
1113,piano
1114,pyjama
1115,rambarde
1116,rayures
1117,serviette
1118,siège
1119,softball
1120,soldat
1121,tentant
1122,tracteur
1123,verres
1124,élèves
1125,assiette
1126,attaché
1127,bandana
1128,boire
1129,boivent
1130,bon
1131,chaussettes
1132,cherche
1133,clavier
1134,commercial
1135,conduisant
1136,côtés
1137,danseuse
1138,descendre
1139,dormant
1140,déserte
1141,embrasse
1142,employés
1143,escalator
1144,exposition
1145,fer
1146,footballeurs
1147,joyeusement
1148,marié
1149,mettre
1150,murs
1151,pain
1152,pancartes
1153,parachute
1154,plate
1155,podium
1156,radeau
1157,rassemblement
1158,rugby
1159,skis
1160,surfant
1161,tabouret
1162,talons
1163,tourne
1164,transportant
1165,éclairée
1166,Asiatiques
1167,Sept
1168,acoustique
1169,apprêtant
1170,balade
1171,camionnette
1172,chaussée
1173,chevauchant
1174,conférence
1175,coudre
1176,fermés
1177,footballeur
1178,fréquenté
1179,gamin
1180,herbes
1181,jupes
1182,mais
1183,natation
1184,on
1185,or
1186,oreilles
1187,poussière
1188,professionnelle
1189,publicité
1190,sert
1191,trottinette
1192,New
1193,York
1194,ambulant
1195,aéroport
1196,balles
1197,basketteur
1198,blocs
1199,blouson
1200,brillant
1201,buissons
1202,béret
1203,cartes
1204,club
1205,dessous
1206,discuter
1207,embrassant
1208,feuille
1209,foin
1210,front
1211,garage
1212,glaces
1213,gradins
1214,grandes
1215,jolie
1216,monter
1217,participe
1218,passer
1219,perche
1220,poissons
1221,profitent
1222,rebord
1223,ressemble
1224,répare
1225,sapin
1226,tirer
1227,trouvent
1228,visages
1229,vives
1230,vol
1231,échafaudage
1232,;
1233,Père
1234,aidant
1235,aliments
1236,allongés
1237,appuyé
1238,attractions
1239,automne
1240,bancs
1241,bateaux
1242,battant
1243,berger
1244,bouteilles
1245,brandissant
1246,casquettes
1247,choses
1248,danseurs
1249,employé
1250,fluo
1251,gobelet
1252,identiques
1253,individus
1254,manifestation
1255,marchandises
1256,mouillé
1257,multicolores
1258,nettoyer
1259,pile
1260,pointe
1261,position
1262,poutre
1263,rame
1264,rire
1265,soulève
1266,tirent
1267,!
1268,BMX
1269,accroche
1270,adversaire
1271,affaires
1272,allemand
1273,alpiniste
1274,carte
1275,chaussure
1276,chaîne
1277,circuit
1278,cuisinant
1279,câlin
1280,cônes
1281,danseuses
1282,discours
1283,dormir
1284,dreadlocks
1285,fauteuils
1286,file
1287,gazon
1288,jeans
1289,kiosque
1290,magnifique
1291,motards
1292,n'
1293,ouvert
1294,passagers
1295,plafond
1296,planches
1297,pleure
1298,pot
1299,publicitaire
1300,regard
1301,ressemblant
1302,sièges
1303,tomber
1304,toucher
1305,utiliser
1306,vitesse
1307,wagon
1308,éclairé
1309,étranger
1310,Sur
1311,acheter
1312,action
1313,africains
1314,agitant
1315,aider
1316,approche
1317,arrête
1318,basse
1319,certaines
1320,chacun
1321,chanter
1322,combinaisons
1323,commence
1324,cuisinier
1325,dirige
1326,droit
1327,dur
1328,déjeuner
1329,embrassent
1330,enseigne
1331,entraînement
1332,fleur
1333,flottant
1334,frais
1335,gant
1336,harnais
1337,indienne
1338,jet
1339,jongle
1340,légèrement
1341,magazine
1342,montrent
1343,métalliques
1344,oreille
1345,patinoire
1346,plaque
1347,portables
1348,pris
1349,préparer
1350,prêts
1351,rock
1352,récupérer
1353,s
1354,sortant
1355,tend
1356,travailleurs
1357,urbaine
1358,vaste
1359,véhicules
1360,achetant
1361,alignés
1362,américains
1363,appréciant
1364,automatique
1365,basketball
1366,bibliothèque
1367,boisé
1368,bordé
1369,camping
1370,cartons
1371,crête
1372,doré
1373,décor
1374,entraîneur
1375,envoie
1376,filets
1377,froid
1378,gravier
1379,grimpant
1380,groupes
1381,hula
1382,imposant
1383,incendie
1384,membre
1385,moteur
1386,musée
1387,nagent
1388,observent
1389,origine
1390,paix
1391,palet
1392,partiellement
1393,peindre
1394,pneu
1395,portes
1396,prise
1397,pâte
1398,rapidement
1399,reposent
1400,tambour
1401,trompette
1402,téléphonique
1403,télévision
1404,vaisselle
1405,verse
1406,vététiste
1407,épée
1408,accroché
1409,accroupie
1410,africaine
1411,agenouillée
1412,ajuste
1413,apprêtent
1414,artistes
1415,atelier
1416,athlètes
1417,bassin
1418,battre
1419,beau
1420,bijoux
1421,billard
1422,boueuse
1423,branche
1424,cabane
1425,caresse
1426,carnaval
1427,chanson
1428,chanteuse
1429,chaque
1430,coiffure
1431,cricket
1432,cône
1433,déplace
1434,entraîne
1435,faiblement
1436,faite
1437,foire
1438,griller
1439,grimace
1440,géant
1441,hôpital
1442,intersection
1443,journaux
1444,lampe
1445,large
1446,lasso
1447,lavant
1448,levant
1449,maisons
1450,maman
1451,maquillage
1452,microphone
1453,moustache
1454,nautique
1455,né
1456,opération
1457,panneaux
1458,plancher
1459,plongeant
1460,poitrine
1461,posé
1462,pouce
1463,récipient
1464,serrant
1465,souffle
1466,tombé
1467,torses
1468,tramway
1469,tube
1470,vitre
1471,vêtement
1472,étrange
1473,(
1474,)
1475,adossé
1476,aller
1477,amuse
1478,ancien
1479,anniversaire
1480,arme
1481,attachés
1482,attrapant
1483,aérienne
1484,barres
1485,blondes
1486,boisée
1487,brouette
1488,cabine
1489,caisses
1490,cerf
1491,chaude
1492,chiot
1493,conducteur
1494,creuse
1495,cœur
1496,dedans
1497,dessin
1498,dune
1499,embrasure
1500,envers
1501,faux
1502,flanc
1503,fusil
1504,gymnastique
1505,heureuse
1506,hoop
1507,indien
1508,lave
1509,lisent
1510,lèvent
1511,marine
1512,micros
1513,nacelle
1514,ombrelle
1515,ours
1516,palmiers
1517,paniers
1518,papillon
1519,parents
1520,partout
1521,plonge
1522,poil
1523,professionnel
1524,pêcheur
1525,rang
1526,reposant
1527,rocheux
1528,roues
1529,sandwich
1530,tatouages
1531,tiré
1532,tongs
1533,vente
1534,victoire
1535,équipements
1536,étudiant
1537,5
1538,Homme
1539,Tandis
1540,achètent
1541,afro-américaine
1542,agenouillé
1543,allongées
1544,arrivée
1545,arrêtent
1546,artistique
1547,baignoire
1548,bande
1549,banderole
1550,benne
1551,bonnets
1552,bougies
1553,brique
1554,cage
1555,camions
1556,camp
1557,canard
1558,caoutchouc
1559,chefs
1560,château
1561,circulant
1562,clôturée
1563,contrôle
1564,couche
1565,craie
1566,crème
1567,crépuscule
1568,dames
1569,décontractée
1570,déguisés
1571,entraînant
1572,examinant
1573,fanfare
1574,flûte
1575,foraine
1576,fumée
1577,honneur
1578,laverie
1579,marbre
1580,maïs
1581,moderne
1582,métier
1583,nettoient
1584,nourrisson
1585,outil
1586,paire
1587,papa
1588,parquet
1589,patio
1590,pigeons
1591,poteaux
1592,rase
1593,receveur
1594,réparant
1595,seaux
1596,skieurs
1597,sortie
1598,style
1599,suit
1600,taxi
1601,toge
1602,toges
1603,traditionnel
1604,traîneau
1605,usine
1606,vendeurs
1607,ventre
1608,village
1609,voies
1610,écossaise
1611,écoutent
1612,écrivant
1613,éloignant
1614,œuvre
1615,2
1616,Asie
1617,achète
1618,africain
1619,agents
1620,agite
1621,animé
1622,appareils
1623,applaudissent
1624,arc-en-ciel
1625,arrosage
1626,badauds
1627,bandeau
1628,beach
1629,bonbons
1630,branches
1631,ceinture
1632,cerceau
1633,creusant
1634,crie
1635,crâne
1636,derby
1637,dessinant
1638,discute
1639,donner
1640,décoré
1641,découpe
1642,détendent
1643,embrasser
1644,engin
1645,escaladent
1646,escrime
1647,extérieure
1648,fans
1649,flotte
1650,froide
1651,féminin
1652,geste
1653,gravissant
1654,grille
1655,hall
1656,huit
1657,immense
1658,individu
1659,inspecte
1660,jockey
1661,lampadaire
1662,laver
1663,levés
1664,liquide
1665,local
1666,lèvres
1667,machines
1668,manche
1669,marquer
1670,monocycle
1671,médecin
1672,pagaie
1673,passants
1674,penchée
1675,plante
1676,portrait
1677,poupée
1678,pratiquent
1679,probablement
1680,produisant
1681,produisent
1682,ramassant
1683,réunissent
1684,scie
1685,scolaire
1686,semblant
1687,serre
1688,silhouette
1689,sportif
1690,tentes
1691,toile
1692,valise
1693,âne
1694,écartés
1695,électronique
1696,amie
1697,ange
1698,argenté
1699,arrive
1700,aspirateur
1701,attente
1702,aussi
1703,bas-côté
1704,baskets
1705,bordeaux
1706,boueux
1707,bouquet
1708,boutique
1709,bouée
1710,bulle
1711,charrette
1712,chorale
1713,claire
1714,collection
1715,composé
1716,construisant
1717,contenant
1718,corps
1719,couteau
1720,coéquipier
1721,cuire
1722,cuisinière
1723,câbles
1724,dégarni
1725,entourés
1726,entraînent
1727,fenêtres
1728,ferrée
1729,fil
1730,fin
1731,forestier
1732,frisés
1733,garé
1734,garés
1735,gestes
1736,grue
1737,horizon
1738,imperméable
1739,lequel
1740,nageurs
1741,nuageux
1742,partageant
1743,partagent
1744,patin
1745,penchant
1746,plongée
1747,plumes
1748,pneus
1749,professeur
1750,protéger
1751,présentation
1752,rapides
1753,raquettes
1754,retournant
1755,russes
1756,région
1757,sans-abri
1758,savoure
1759,scientifique
1760,service
1761,skie
1762,studio
1763,sèche
1764,théâtre
1765,tombant
1766,tricycle
1767,veau
1768,violets
1769,volent
1770,voler
1771,vous
1772,également
1773,éléphant
1774,évier
1775,œil
1776,Londres
1777,acrobatie
1778,aident
1779,apprécient
1780,assiettes
1781,bains
1782,baril
1783,basketteurs
1784,blouses
1785,bretelles
1786,brillante
1787,bébés
1788,caddie
1789,cherchant
1790,chiots
1791,client
1792,commencer
1793,cornemuse
1794,couples
1795,croix
1796,cuillère
1797,dessine
1798,dirigeant
1799,discussion
1800,disputent
1801,documents
1802,débris
1803,départ
1804,escalader
1805,garée
1806,grosses
1807,hauteur
1808,hôtel
1809,intérieure
1810,japonais
1811,jetant
1812,justaucorps
1813,kilt
1814,magasins
1815,magazines
1816,manifestants
1817,mettent
1818,monument
1819,morceaux
1820,mousse
1821,mouton
1822,moutons
1823,mouvements
1824,nature
1825,parasols
1826,partir
1827,peints
1828,perceuse
1829,performance
1830,perron
1831,pleurs
1832,poterie
1833,première
1834,pâle
1835,pêcher
1836,rails
1837,reçoit
1838,ring
1839,rouler
1840,réunion
1841,sauvage
1842,servant
1843,tatoué
1844,tee
1845,tenu
1846,tirée
1847,tondeuse
1848,transport
1849,turban
1850,unes
1851,écrire
1852,étoile
1853,œufs
1854,œuvres
1855,DJ
1856,Texas
1857,abrupte
1858,accident
1859,allure
1860,arche
1861,argile
1862,attachée
1863,attraction
1864,badge
1865,baguettes
1866,balayant
1867,banjo
1868,bloc
1869,bombe
1870,bordure
1871,borne
1872,bouclés
1873,boules
1874,bureaux
1875,canot
1876,cape
1877,carrelage
1878,chaud
1879,cible
1880,contrebas
1881,corpulent
1882,coups
1883,courte
1884,couvertures
1885,couvre
1886,croisés
1887,disant
1888,document
1889,dorment
1890,dorée
1891,engagés
1892,entrer
1893,entretien
1894,exposé
1895,four
1896,fourrure
1897,frère
1898,galerie
1899,garées
1900,glacée
1901,glisser
1902,gravit
1903,herbeux
1904,hockeyeurs
1905,images
1906,jumelles
1907,jus
1908,laine
1909,lettres
1910,lignes
1911,mannequin
1912,matelas
1913,moitié
1914,mélange
1915,nager
1916,nageur
1917,non
1918,nouvellement
1919,nuages
1920,obstacles
1921,olympiques
1922,oriental
1923,orientale
1924,papiers
1925,parade
1926,patient
1927,patineurs
1928,peut
1929,pièces
1930,plongeoir
1931,poignée
1932,pomme
1933,pommes
1934,porche
1935,presque
1936,présente
1937,ramasse
1938,rayés
1939,retourne
1940,sales
1941,société
1942,sombres
1943,soude
1944,sous-vêtements
1945,stylo
1946,surpoids
1947,surveille
1948,tombée
1949,tourner
1950,tronçonneuse
1951,types
1952,yoga
1953,éclaboussant
1954,éclairage
1955,écume
1956,étreignent
1957,étroite
1958,2012
1959,:
1960,Au
1961,Jeux
1962,accroupit
1963,acier
1964,affrontant
1965,ailes
1966,alignées
1967,allant
1968,américaine
1969,apprend
1970,appuyant
1971,armée
1972,arrière-cour
1973,attention
1974,bac
1975,baissée
1976,ballerine
1977,barrières
1978,bols
1979,cavaliers
1980,chameaux
1981,chargement
1982,circule
1983,collants
1984,colonnes
1985,construire
1986,crayon
1987,directions
1988,diverses
1989,déchets
1990,découper
1991,déplacent
1992,déplaçant
1993,détend
1994,enthousiasme
1995,enthousiaste
1996,enthousiastes
1997,enveloppé
1998,essayer
1999,essentiellement
2000,filme
2001,fleurie
2002,girl
2003,gobelets
2004,grimaces
2005,géante
2006,hache
2007,haie
2008,hot
2009,immeubles
2010,imprimé
2011,installant
2012,je
2013,jonglant
2014,joueuses
2015,joué
2016,jungle
2017,lancé
2018,lévriers
2019,meubles
2020,montgolfière
2021,mord
2022,municipal
2023,navigue
2024,nombreuse
2025,observant
2026,occupe
2027,paquet
2028,peignent
2029,phase
2030,plats
2031,pliante
2032,plupart
2033,port
2034,porter
2035,poste
2036,poursuit
2037,pousse-pousse
2038,poussiéreux
2039,pratiquant
2040,pêchant
2041,rafting
2042,ramant
2043,rament
2044,rassemble
2045,rayon
2046,remplis
2047,reposer
2048,reste
2049,rive
2050,saisit
2051,sauté
2052,sortir
2053,suspendue
2054,série
2055,thé
2056,tisser
2057,tournoi
2058,tourné
2059,traditionnelle
2060,turquoise
2061,unique
2062,vent
2063,violettes
2064,violoncelle
2065,voilier
2066,échecs
2067,écoliers
2068,écossais
2069,épicerie
2070,étoffe
2071,étudie
2072,3
2073,?
2074,accroupis
2075,adolescente
2076,adverses
2077,arcade
2078,argentée
2079,armes
2080,asphalte
2081,attendre
2082,auditorium
2083,balancent
2084,ballet
2085,bandoulière
2086,bascule
2087,blazer
2088,blessé
2089,bonne
2090,boîtes
2091,breakdance
2092,calme
2093,canette
2094,capot
2095,car
2096,celui
2097,certain
2098,chameau
2099,chariots
2100,chorégraphie
2101,citron
2102,coiffe
2103,collines
2104,concentre
2105,concours
2106,couchée
2107,couvre-chef
2108,crée
2109,cuisiner
2110,disque
2111,dog
2112,dresse
2113,déguisé
2114,délabré
2115,d’
2116,en-dessous
2117,entreprise
2118,environnement
2119,essaient
2120,essaye
2121,examinent
2122,expérience
2123,ferme
2124,film
2125,finir
2126,fleuri
2127,food
2128,gagner
2129,genou
2130,golden
2131,graffiti
2132,gratte
2133,grill
2134,habits
2135,hélicoptère
2136,ici
2137,indiennes
2138,inspectent
2139,joie
2140,kitesurf
2141,libre
2142,lèche
2143,mal
2144,manipule
2145,menu
2146,mince
2147,moins
2148,navire
2149,nouvelle
2150,nuageuse
2151,nœud
2152,obscurité
2153,ouvrant
2154,patineur
2155,peinte
2156,pellette
2157,perdu
2158,pilotes
2159,pins
2160,pistolet
2161,plaisir
2162,plongeur
2163,poche
2164,pointant
2165,ponton
2166,poulet
2167,pupitre
2168,périlleux
2169,rappel
2170,reflet
2171,religieuse
2172,remplit
2173,restauration
2174,ronde
2175,réunies
2176,sarcelle
2177,scouts
2178,secoue
2179,seulement
2180,signalisation
2181,sportive
2182,tant
2183,tapant
2184,tond
2185,touchant
2186,tranquille
2187,travailleur
2188,triste
2189,vacances
2190,vendent
2191,vont
2192,voyage
2193,vu
2194,échafaudages
2195,échasses
2196,écouter
2197,écrans
2198,épais
2199,époux
2200,étire
2201,Amérique
2202,Elmo
2203,Europe
2204,Halloween
2205,Huit
2206,John
2207,Moyen-Orient
2208,Orient
2209,admire
2210,agenouillés
2211,agricole
2212,and
2213,appartement
2214,après-midi
2215,aquarium
2216,artifice
2217,baiser
2218,balançant
2219,bannière
2220,bikinis
2221,bizarre
2222,bondit
2223,boys
2224,brouillard
2225,buffet
2226,calèche
2227,canal
2228,canards
2229,cannes
2230,ceintures
2231,cet
2232,char
2233,cheminée
2234,chercher
2235,chinoises
2236,chute
2237,chèvre
2238,circulent
2239,col
2240,commande
2241,complet
2242,corpulente
2243,couverts
2244,couvrant
2245,curieux
2246,deuxième
2247,distributeur
2248,douche
2249,drôle
2250,durant
2251,débardeurs
2252,décorations
2253,découpant
2254,défilent
2255,effectuent
2256,entrepôt
2257,exécutent
2258,ferrées
2259,flânant
2260,fois
2261,fort
2262,foyer
2263,fromage
2264,fumer
2265,gorge
2266,gâteaux
2267,impliquant
2268,infirmières
2269,informatique
2270,intégrale
2271,jardinage
2272,joli
2273,lacrosse
2274,lancent
2275,lever
2276,lévrier
2277,manifestant
2278,marchandise
2279,mari
2280,miniature
2281,monospace
2282,moustachu
2283,médical
2284,mêmes
2285,nappe
2286,naviguant
2287,notes
2288,nuage
2289,oreillers
2290,partition
2291,pastèques
2292,peignoir
2293,peintre
2294,perles
2295,perruque
2296,photographes
2297,photographié
2298,plaqué
2299,poing
2300,posés
2301,pots
2302,pourchassant
2303,pourpre
2304,prix
2305,proche
2306,proches
2307,rasant
2308,raser
2309,rassemblant
2310,rasé
2311,rayées
2312,remplissant
2313,retriever
2314,revêtement
2315,roulants
2316,réfléchissant
2317,réparent
2318,saluant
2319,savourent
2320,sept
2321,serveur
2322,servir
2323,situé
2324,skateurs
2325,soda
2326,soyeux
2327,suivant
2328,surfer
2329,surveillent
2330,sécher
2331,tacheté
2332,tendant
2333,tendus
2334,texto
2335,tombent
2336,trouver
2337,vallée
2338,verdoyant
2339,verdoyante
2340,veston
2341,vieilles
2342,visibles
2343,vite
2344,vus
2345,vérifie
2346,écart
2347,épaisse
2348,épouse
2349,éventail
2350,Batman
2351,Chine
2352,Gym
2353,Jungle
2354,Moyen
2355,Nous
2356,Times
2357,Walmart
2358,accompagné
2359,accrochant
2360,accrochés
2361,acrobaties
2362,activités
2363,admirant
2364,agenouille
2365,ans
2366,appelé
2367,approchant
2368,appuyée
2369,aride
2370,attache
2371,atteint
2372,atterrir
2373,au-delà
2374,ballerines
2375,bambou
2376,barbus
2377,bat
2378,beiges
2379,billets
2380,bières
2381,bloquer
2382,bords
2383,bougie
2384,boxe
2385,bracelet
2386,brillantes
2387,brossant
2388,cache
2389,cadeaux
2390,calmes
2391,caniche
2392,casino
2393,casserole
2394,catcheur
2395,celle
2396,cerceaux
2397,champs
2398,cherchent
2399,chic
2400,chocolat
2401,châle
2402,citrouille
2403,clowns
2404,clôturé
2405,coffre
2406,coiffeur
2407,collation
2408,commun
2409,compris
2410,construit
2411,contenu
2412,contrer
2413,coupent
2414,creusent
2415,croisées
2416,crosse
2417,cuisinent
2418,cuit
2419,câble
2420,demoiselles
2421,dessins
2422,double
2423,décolle
2424,déguisée
2425,démonstration
2426,détendant
2427,enceinte
2428,encouragent
2429,endroits
2430,enlever
2431,enlève
2432,environ
2433,espagnol
2434,essayent
2435,estomac
2436,ethnique
2437,exercice
2438,extrémité
2439,feux
2440,filmant
2441,filmer
2442,flanelle
2443,flânent
2444,forces
2445,formation
2446,fourgonnette
2447,fraîche
2448,frisé
2449,garder
2450,gazonné
2451,genouillères
2452,glacier
2453,goûter
2454,grimpent
2455,guitares
2456,hamac
2457,harmonica
2458,indiens
2459,ingrédients
2460,inspectant
2461,iroquoise
2462,juges
2463,kayaks
2464,lanternes
2465,lapin
2466,lavent
2467,live
2468,luttent
2469,manière
2470,marchand
2471,marmite
2472,messieurs
2473,montagneux
2474,moyenne
2475,murale
2476,muselière
2477,musical
2478,mutuellement
2479,mâche
2480,noix
2481,nourrit
2482,nous
2483,obscure
2484,officielle
2485,olympique
2486,ongles
2487,oreiller
2488,orné
2489,ouverts
2490,pagayant
2491,palmier
2492,passager
2493,patinent
2494,pauvre
2495,photographier
2496,pigeon
2497,pinata
2498,plantant
2499,plaquer
2500,plongeurs
2501,posée
2502,posées
2503,pourchassé
2504,poussent
2505,poussiéreuse
2506,poêle
2507,prochain
2508,protège
2509,pré
2510,quarterback
2511,quilles
2512,quitte
2513,raide
2514,rail
2515,rapide
2516,retourné
2517,riz
2518,rond
2519,rurale
2520,réception
2521,répète
2522,salue
2523,saluent
2524,savon
2525,sculptures
2526,sens
2527,serveuse
2528,shopping
2529,si
2530,signes
2531,singe
2532,située
2533,skiant
2534,soir
2535,souriants
2536,stationnement
2537,survêtement
2538,surélevée
2539,tabliers
2540,tailler
2541,tam
2542,tige
2543,tomates
2544,touriste
2545,trafic
2546,transporte
2547,traînant
2548,truck
2549,trépied
2550,tuba
2551,tâche
2552,universitaire
2553,urgence
2554,visière
2555,vitres
2556,wakeboard
2557,xylophone
2558,établissement
2559,étal
2560,étreignant
2561,étreint
2562,étroit
2563,œuf
2564,Elle
2565,Gros
2566,Ils
2567,Inde
2568,Indiens
2569,Jenga
2570,Lors
2571,Monopoly
2572,Red
2573,Square
2574,Vue
2575,adolescentes
2576,afin
2577,afro-américains
2578,ainsi
2579,alcool
2580,alimentaires
2581,alpinistes
2582,amies
2583,amuser
2584,anneau
2585,applaudit
2586,apprenant
2587,aquatique
2588,arrose
2589,arrêté
2590,artisanat
2591,ascension
2592,athlétisme
2593,attelage
2594,automobile
2595,autoroute
2596,baisse
2597,balais
2598,bambin
2599,bananes
2600,barque
2601,bataille
2602,beaux
2603,belles
2604,berge
2605,bicyclette
2606,board
2607,brunes
2608,bâche
2609,canoës
2610,cathédrale
2611,cellulaire
2612,chandail
2613,charge
2614,chargeant
2615,chevalet
2616,chips
2617,cigare
2618,circulaire
2619,classique
2620,collègue
2621,collègues
2622,combattant
2623,composée
2624,construisent
2625,container
2626,coud
2627,courbé
2628,coussin
2629,couvercle
2630,coéquipiers
2631,crayons
2632,cross
2633,cuisiniers
2634,demande
2635,dessiner
2636,dinosaure
2637,donnent
2638,drap
2639,déchiré
2640,défenseur
2641,défilant
2642,enclume
2643,encombrée
2644,enlace
2645,enseignante
2646,entourant
2647,entourent
2648,entourées
2649,entrent
2650,essuie
2651,exercices
2652,expression
2653,fabrique
2654,fatigué
2655,fermier
2656,feutre
2657,flammes
2658,flottent
2659,fonctionner
2660,fontaines
2661,frire
2662,fruit
2663,galets
2664,garde
2665,gonflables
2666,grattant
2667,gravissent
2668,grotte
2669,guerre
2670,guide
2671,haut-de-forme
2672,herbeuse
2673,infirmière
2674,installe
2675,instructions
2676,interagissent
2677,javelot
2678,jeep
2679,jockeys
2680,laquelle
2681,littoral
2682,logo
2683,lui-même
2684,lumineux
2685,lutte
2686,magnifiques
2687,maquette
2688,maquille
2689,mariés
2690,mascotte
2691,masques
2692,mec
2693,mis
2694,mitaines
2695,mobile
2696,mobylette
2697,modèle
2698,mort
2699,mouillée
2700,muret
2701,musclé
2702,nattes
2703,niveau
2704,numérique
2705,observer
2706,occupent
2707,officier
2708,opposé
2709,ouvrir
2710,pagaient
2711,parce
2712,patauge
2713,patins
2714,pelleteuse
2715,peloton
2716,percussion
2717,personnages
2718,peuplé
2719,pilier
2720,pinceau
2721,pirate
2722,pizzeria
2723,plateforme
2724,pliantes
2725,polos
2726,poney
2727,poser
2728,poutres
2729,pratique
2730,presse
2731,professionnels
2732,projecteur
2733,prête
2734,pub
2735,pêchent
2736,quittant
2737,quoi
2738,rallye
2739,rassemblée
2740,ravin
2741,remuant
2742,rencontre
2743,renversé
2744,retire
2745,rocheuses
2746,réfléchissants
2747,réparations
2748,scooters
2749,serrent
2750,smoking
2751,soigneusement
2752,sortent
2753,soulevant
2754,sourcils
2755,souriantes
2756,soutien
2757,spectateur
2758,sports
2759,sucette
2760,suivent
2761,support
2762,séance
2763,tableaux
2764,taches
2765,talent
2766,tatouée
2767,temple
2768,tendue
2769,tigre
2770,touchent
2771,toujours
2772,tournage
2773,trains
2774,troncs
2775,trophée
2776,téléphones
2777,up
2778,venant
2779,verdure
2780,versant
2781,viennent
2782,vitrines
2783,voirie
2784,végétation
2785,vérifiant
2786,âges
2787,ébroue
2788,écharpes
2789,écrasant
2790,éjecté
2791,électriques
2792,élévateur
2793,éponge
2794,époque
2795,étage
2796,étagère
2797,était
2798,éteindre
2799,étendu
2800,étudiante
2801,4
2802,Apple
2803,Coca-Cola
2804,Jeune
2805,Legos
2806,McDonald'
2807,Miami
2808,New-York
2809,Par
2810,Seattle
2811,Sooners
2812,State
2813,Superman
2814,The
2815,acheteurs
2816,acteurs
2817,activité
2818,affichage
2819,affiches
2820,africaines
2821,agitent
2822,allume
2823,ancienne
2824,anneaux
2825,appelle
2826,appuyés
2827,arabe
2828,artificielle
2829,atterrit
2830,auprès
2831,auvent
2832,badminton
2833,baie
2834,baignent
2835,banane
2836,banlieue
2837,bardeaux
2838,barmaid
2839,barreaux
2840,bavoir
2841,biker
2842,bloque
2843,bouc
2844,boulangerie
2845,brosser
2846,brûlant
2847,buisson
2848,bulldozer
2849,bœufs
2850,cabines
2851,campement
2852,cassé
2853,cassée
2854,cerfs
2855,chapiteau
2856,chasse
2857,chirurgiens
2858,cigarettes
2859,ciseaux
2860,citrouilles
2861,coat
2862,coco
2863,colliers
2864,colonne
2865,colorie
2866,compagnie
2867,complexe
2868,concentré
2869,confettis
2870,construite
2871,corne
2872,coupe-vent
2873,criant
2874,créer
2875,célèbre
2876,descente
2877,dessinée
2878,destination
2879,dispositif
2880,dossard
2881,dragon
2882,dribble
2883,début
2884,déchargeant
2885,décorée
2886,déguisées
2887,détritus
2888,effectuer
2889,emmitouflé
2890,emmène
2891,encore
2892,enflammés
2893,enlaçant
2894,enseignant
2895,enseignes
2896,entassés
2897,entièrement
2898,entrant
2899,envoyant
2900,ethniques
2901,examiner
2902,expose
2903,exposées
2904,exposés
2905,fabriquant
2906,fantaisie
2907,floue
2908,fonctionne
2909,forestière
2910,fou
2911,foulards
2912,frappé
2913,friandise
2914,gaz
2915,grillage
2916,grimper
2917,guichet
2918,hawaïenne
2919,historique
2920,hutte
2921,iPod
2922,impliqués
2923,imposante
2924,incluant
2925,industriel
2926,informations
2927,inscriptions
2928,installée
2929,intensément
2930,jeter
2931,lapins
2932,lavabo
2933,levé
2934,locale
2935,loupe
2936,lutteurs
2937,là
2938,léopard
2939,ma
2940,manipulant
2941,manuel
2942,maquillé
2943,menant
2944,menton
2945,meuble
2946,mexicain
2947,minces
2948,mise
2949,mode
2950,montgolfières
2951,mordre
2952,motif
2953,mots
2954,mouettes
2955,médecins
2956,médicaux
2957,mélangeant
2958,nageuse
2959,navigable
2960,nocturne
2961,nommé
2962,occupés
2963,officiers
2964,ombres
2965,orangé
2966,ordre
2967,paisible
2968,paressent
2969,partage
2970,participants
2971,patte
2972,pelles
2973,perché
2974,personnage
2975,personnels
2976,piercing
2977,pistes
2978,pittoresque
2979,pleut
2980,plongeon
2981,plonger
2982,plume
2983,poils
2984,porte-documents
2985,portraits
2986,potier
2987,poulets
2988,poupées
2989,priant
2990,prient
2991,principalement
2992,prises
2993,prochaine
2994,profondes
2995,projecteurs
2996,propos
2997,proposant
2998,propre
2999,provenant
3000,prêtre
3001,publicités
3002,pulls
3003,pyramide
3004,pédalant
3005,radeaux
3006,ramassent
3007,ramasser
3008,rampes
3009,rasoir
3010,recevant
3011,recouvrant
3012,regroupés
3013,relais
3014,remettre
3015,remplissent
3016,renifle
3017,rentrer
3018,ressemblent
3019,revers
3020,roche
3021,rondes
3022,rouillée
3023,rubans
3024,rural
3025,rustique
3026,répètent
3027,s.
3028,sang
3029,saris
3030,saucisses
3031,secours
3032,serré
3033,serviettes
3034,similaire
3035,site
3036,slip
3037,smash
3038,snowboarder
3039,sortes
3040,souder
3041,soudure
3042,soufflant
3043,souffleur
3044,soulever
3045,souple
3046,souvenirs
3047,spatule
3048,sueur
3049,supporters
3050,surfeurs
3051,surplombe
3052,suspendus
3053,synchronisée
3054,sœur
3055,taillant
3056,taper
3057,tatoueur
3058,technique
3059,tenter
3060,terminer
3061,terminé
3062,tisse
3063,trench
3064,tresses
3065,tribu
3066,trop
3067,tropicale
3068,tubes
3069,tumultueuses
3070,tutu
3071,tuyaux
3072,typique
3073,tâches
3074,télésiège
3075,vaches
3076,valises
3077,vernis
3078,vides
3079,vie
3080,visible
3081,volants
3082,vraiment
3083,À
3084,États-Unis
3085,ânes
3086,éclairages
3087,élastique
3088,éloignent
3089,élégant
3090,éléphants
3091,épées
3092,étalage
3093,état
3094,étend
3095,étirant
3096,étoffes
3097,étoiles
3098,10
3099,Bob
3100,Coca
3101,Disney
3102,Est
3103,Groupe
3104,Jack
3105,Japon
3106,Je
3107,Nike
3108,Obama
3109,Oklahoma
3110,Sous
3111,Speedo
3112,Starbucks
3113,Street
3114,Subway
3115,Washington
3116,accrochées
3117,achats
3118,admirent
3119,adorable
3120,adossée
3121,adversaires
3122,aime
3123,ajustant
3124,amish
3125,annonce
3126,années
3127,antiémeute
3128,applaudissant
3129,approchent
3130,apprécie
3131,aqua
3132,arrivant
3133,arrières
3134,arroseur
3135,arrêtant
3136,arrêter
3137,arrêtée
3138,artistiques
3139,assorties
3140,assortiment
3141,auditoire
3142,auto
3143,autobus
3144,avance
3145,baigne
3146,balancer
3147,bandeaux
3148,banderoles
3149,bandés
3150,banquette
3151,barils
3152,bassine
3153,bel
3154,bermuda
3155,besoin
3156,bonhomme
3157,boucle
3158,boucles
3159,bouton
3160,boxant
3161,boxeur
3162,brassards
3163,bronze
3164,bétail
3165,c'
3166,cafétéria
3167,cahier
3168,campeurs
3169,caméras
3170,canettes
3171,caniches
3172,canin
3173,canyon
3174,caravane
3175,caressant
3176,cascades
3177,caucasien
3178,celui-ci
3179,champagne
3180,chargé
3181,chats
3182,chaînes
3183,chevauchent
3184,chiffon
3185,choisissant
3186,cimetière
3187,civile
3188,clarinette
3189,cliente
3190,clou
3191,coiffé
3192,coloriage
3193,contrebasse
3194,cor
3195,cornes
3196,corniche
3197,couchés
3198,courbe
3199,courtes
3200,couture
3201,couvertes
3202,couvre-chefs
3203,crache
3204,créant
3205,création
3206,céréales
3207,dalles
3208,demi-cercle
3209,dentaire
3210,dernière
3211,devanture
3212,dinde
3213,discothèque
3214,disponibles
3215,distance
3216,doit
3217,dominos
3218,dorées
3219,dorés
3220,drôles
3221,déambulateur
3222,débarrasse
3223,décombres
3224,démarrer
3225,déplacer
3226,effort
3227,empilées
3228,empêcher
3229,encombré
3230,encourageant
3231,endormie
3232,enfilant
3233,enfile
3234,engins
3235,enneigées
3236,entassées
3237,envol
3238,essuyant
3239,excité
3240,exhibe
3241,exécute
3242,fan
3243,fausses
3244,flou
3245,flèche
3246,footing
3247,forment
3248,formes
3249,fortune
3250,fossé
3251,fourchette
3252,fourneaux
3253,franchit
3254,frappent
3255,fraîchement
3256,friandises
3257,frotte
3258,fusils
3259,fée
3260,genre
3261,glacières
3262,gonfle
3263,gratuits
3264,grises
3265,guitaristes
3266,gym
3267,géantes
3268,haies
3269,hanches
3270,harpe
3271,hispanique
3272,hôtesse
3273,impatiemment
3274,incliné
3275,inconnue
3276,indiquant
3277,inférieure
3278,installent
3279,installés
3280,intense
3281,interagit
3282,intéressant
3283,invisible
3284,jaillir
3285,jaillissant
3286,japonaise
3287,jets
3288,jettent
3289,jeté
3290,joues
3291,karting
3292,kayakiste
3293,kickboxing
3294,kimonos
3295,kitesurfeur
3296,labrador
3297,lacets
3298,leggings
3299,lessive
3300,levée
3301,liberté
3302,lice
3303,lieux
3304,ligue
3305,lingerie
3306,lion
3307,lumineuse
3308,maigre
3309,malheureux
3310,marathonienne
3311,marin
3312,marins
3313,marionnette
3314,marque
3315,marqueur
3316,masculine
3317,mauvaises
3318,maître
3319,mecs
3320,microscopes
3321,mini-short
3322,mixage
3323,moine
3324,monté
3325,morte
3326,mouillés
3327,moutarde
3328,museau
3329,muselés
3330,mâcher
3331,mèches
3332,mène
3333,médiévale
3334,nageuses
3335,nettoyage
3336,neuf
3337,nom
3338,noms
3339,nouilles
3340,numéros
3341,nuée
3342,obtenir
3343,of
3344,ombrelles
3345,ornements
3346,os
3347,ouverture
3348,page
3349,paon
3350,parallèles
3351,partant
3352,participer
3353,parvient
3354,patine
3355,patron
3356,paysan
3357,pend
3358,perplexe
3359,personnel
3360,photographie
3361,photographient
3362,piles
3363,pince
3364,pipe
3365,pistolets
3366,pizza
3367,plaine
3368,plane
3369,planter
3370,plaquage
3371,plaquant
3372,plateaux
3373,pleurer
3374,plutôt
3375,pointes
3376,porc
3377,porté
3378,poses
3379,pouces
3380,poudre
3381,pousser
3382,poussettes
3383,produire
3384,profond
3385,projetant
3386,projetée
3387,promener
3388,prélassant
3389,puisse
3390,puits
3391,pulvérise
3392,pédale
3393,pétales
3394,pêcheurs
3395,quantité
3396,quatuor
3397,quille
3398,quittent
3399,radio
3400,rangées
3401,religieux
3402,remet
3403,remue
3404,reniflant
3405,représentation
3406,restant
3407,rester
3408,rien
3409,robot
3410,rocailleux
3411,rouleau
3412,ruade
3413,ruines
3414,rythme
3415,récupère
3416,répétant
3417,sacoche
3418,saleté
3419,sculpte
3420,sculpteur
3421,selle
3422,serpent
3423,services
3424,shoote
3425,shooter
3426,sifflet
3427,silhouettes
3428,similaires
3429,skateboards
3430,smashant
3431,smashe
3432,soccer
3433,souffler
3434,soulevé
3435,soupe
3436,sprinklers
3437,sprinte
3438,stands
3439,stationné
3440,steaks
3441,stores
3442,structures
3443,suite
3444,suivi
3445,superbe
3446,surveillant
3447,surélevé
3448,tabourets
3449,talents
3450,tapent
3451,teint
3452,tempête
3453,termine
3454,tiers
3455,tissant
3456,toilettes
3457,toque
3458,torche
3459,torches
3460,tortue
3461,touristique
3462,trace
3463,traineau
3464,tranches
3465,trempé
3466,tressés
3467,tricoté
3468,trombone
3469,tropical
3470,trotte
3471,trous
3472,trouvant
3473,truc
3474,tyrolienne
3475,violoniste
3476,visite
3477,vitrée
3478,voiles
3479,vues
3480,zoo
3481,ça
3482,échantillon
3483,échappe
3484,éclabousse
3485,égout
3486,élève
3487,étages
3488,éviter
3489,50
3490,6
3491,A
3492,Afrique
3493,Angeles
3494,Asiatique
3495,Bienvenue
3496,Blue
3497,Boston
3498,Cafe
3499,Chinois
3500,DS
3501,Deere
3502,Environ
3503,Femme
3504,Ford
3505,Indien
3506,KitchenAid
3507,Los
3508,Mickey
3509,Oh
3510,Park
3511,Spiderman
3512,Twister
3513,UNICEF
3514,Vegas
3515,Volkswagen
3516,Yamaha
3517,aboyant
3518,accessoires
3519,accrochent
3520,accrochée
3521,accélère
3522,acrobatiques
3523,actuellement
3524,ados
3525,adresse
3526,agitée
3527,agriculteur
3528,agréable
3529,ajuster
3530,album
3531,allumée
3532,amarré
3533,amour
3534,amoureux
3535,ananas
3536,angle
3537,apparemment
3538,apparence
3539,appartements
3540,appartenant
3541,appel
3542,applique
3543,appuyées
3544,arbitres
3545,arborant
3546,arc
3547,archet
3548,artificiel
3549,artisan
3550,ascenseur
3551,assied
3552,assistant
3553,assurer
3554,attachent
3555,atterri
3556,atterrissage
3557,autochtone
3558,autochtones
3559,automatiques
3560,aérosol
3561,baguette
3562,balcons
3563,ballot
3564,bandes
3565,bannières
3566,bassiste
3567,bavardent
3568,beauté
3569,billet
3570,bloqué
3571,bongos
3572,bordant
3573,bosse
3574,boucher
3575,boucherie
3576,bousculent
3577,boutons
3578,bouts
3579,box
3580,boxer
3581,boxeurs
3582,brille
3583,bringé
3584,britannique
3585,brochure
3586,béquilles
3587,bétonnière
3588,cagoule
3589,caméraman
3590,canadien
3591,canon
3592,caressent
3593,caricature
3594,carrefour
3595,carriole
3596,carré
3597,carrés
3598,cas
3599,casse
3600,catch
3601,cerisiers
3602,ces
3603,ceux
3604,chacune
3605,charbon
3606,charcuterie
3607,charpente
3608,chaton
3609,chewing
3610,chinoise
3611,chirurgicale
3612,choisissent
3613,chèvres
3614,cirer
3615,cireur
3616,citrons
3617,clos
3618,clous
3619,clés
3620,cockpit
3621,coiffeuse
3622,colle
3623,colère
3624,combattants
3625,commander
3626,commandes
3627,commerçant
3628,compagnon
3629,complètement
3630,compte
3631,concurrent
3632,concurrents
3633,conduire
3634,conduisent
3635,contravention
3636,cool
3637,corn
3638,cornets
3639,couchant
3640,coude
3641,country
3642,coupé
3643,couronnes
3644,crabe
3645,cravates
3646,crochet
3647,croisent
3648,croisière
3649,crosses
3650,crue
3651,crêpe
3652,cuivre
3653,cuve
3654,cuvette
3655,cygne
3656,câlins
3657,célèbrent
3658,célébrant
3659,cœurs
3660,dalle
3661,dauphin
3662,deltaplane
3663,demandant
3664,dessiné
3665,diable
3666,diaporama
3667,différent
3668,diplômé
3669,disent
3670,disposés
3671,disputant
3672,divertir
3673,divertit
3674,dizaines
3675,domicile
3676,douce
3677,drainage
3678,dressée
3679,dunes
3680,déambulant
3681,déballe
3682,décapotable
3683,décoller
3684,décorative
3685,découpé
3686,défend
3687,défenseurs
3688,déjeunent
3689,déployées
3690,dépose
3691,détient
3692,emballage
3693,embrassé
3694,enclos
3695,encourage
3696,endormis
3697,endort
3698,enfonce
3699,enfonçant
3700,enlevé
3701,enregistrement
3702,enroulé
3703,ensoleillé
3704,enveloppée
3705,essence
3706,européen
3707,exerçant
3708,explique
3709,explosion
3710,exposant
3711,extension
3712,faits
3713,farine
3714,fast
3715,faucon
3716,fermé
3717,fesses
3718,ficelle
3719,fier
3720,fillette
3721,fine
3722,fixe
3723,fixes
3724,flag
3725,forgeron
3726,former
3727,fosse
3728,fouille
3729,français
3730,frontale
3731,féminine
3732,gamins
3733,gelé
3734,gelée
3735,gesticule
3736,gigantesque
3737,glacière
3738,glissière
3739,golfeur
3740,goûte
3741,gravir
3742,gueules
3743,guidon
3744,gum
3745,géants
3746,hamburgers
3747,handicapée
3748,henné
3749,heure
3750,hippique
3751,hippodrome
3752,hotdogs
3753,humaine
3754,hurlant
3755,identique
3756,illuminé
3757,impressionnant
3758,inachevé
3759,information
3760,inhabituelle
3761,installé
3762,instant
3763,interdit
3764,intitulé
3765,invités
3766,ivre
3767,jaillit
3768,jolies
3769,jongler
3770,joyeuses
3771,kart
3772,kayakistes
3773,kilts
3774,laissant
3775,lait
3776,lama
3777,lambeaux
3778,lanterne
3779,larges
3780,latine
3781,levées
3782,librairie
3783,lourd
3784,lunette
3785,lutteur
3786,luxuriante
3787,lycéens
3788,léchant
3789,légume
3790,légère
3791,l’
3792,magique
3793,marcel
3794,marcheurs
3795,marelle
3796,marqué
3797,marrons
3798,marécage
3799,mascara
3800,masqué
3801,matin
3802,matinée
3803,melons
3804,menuisier
3805,mignon
3806,mixte
3807,montagneuse
3808,montrer
3809,moquette
3810,mordant
3811,mortes
3812,morts
3813,mot
3814,moue
3815,mouette
3816,mule
3817,muselières
3818,muselé
3819,musicales
3820,musulmans
3821,mères
3822,natte
3823,nouveaux
3824,nues
3825,nœuds
3826,obèse
3827,occasion
3828,occupations
3829,occupées
3830,oeuvres
3831,officiel
3832,offre
3833,olive
3834,ombragée
3835,ongle
3836,onze
3837,opposées
3838,ornée
3839,osier
3840,pagaye
3841,paintball
3842,palissade
3843,panoramique
3844,parachutes
3845,particulier
3846,passé
3847,patiente
3848,patineuse
3849,patrouille
3850,peine
3851,peintes
3852,pelletant
3853,pellettent
3854,penchent
3855,penchées
3856,penchés
3857,pense
3858,percute
3859,percuter
3860,perruques
3861,perçant
3862,peuvent
3863,photographiée
3864,pick
3865,pieuvre
3866,pilotant
3867,pinces
3868,ping
3869,pinçant
3870,pirates
3871,piétonne
3872,piétonnier
3873,placées
3874,pleines
3875,plongent
3876,plâtre
3877,pneumatiques
3878,poches
3879,poids
3880,poilu
3881,pompes
3882,pong
3883,pop
3884,portail
3885,porteur
3886,portée
3887,poubelles
3888,pourchasse
3889,poussé
3890,pouvez
3891,poêles
3892,prestation
3893,prie
3894,professionnelles
3895,projection
3896,propres
3897,propriétaire
3898,protections
3899,protestation
3900,publics
3901,puces
3902,punk
3903,puzzle
3904,pâtisseries
3905,pédalo
3906,quatrième
3907,quel
3908,rambardes
3909,rameurs
3910,randonneuse
3911,rapporte
3912,ratisse
3913,rayons
3914,rebondir
3915,recevoir
3916,reflets
3917,relaxant
3918,relié
3919,restent
3920,retiré
3921,rideau
3922,rondins
3923,réaliser
3924,récemment
3925,récolte
3926,récoltes
3927,réfléchit
3928,saisissant
3929,salade
3930,saluer
3931,santé
3932,sauts
3933,sauvages
3934,sauveteurs
3935,savourant
3936,sciant
3937,scientifiques
3938,sculptant
3939,sec
3940,secouristes
3941,seniors
3942,serrés
3943,servent
3944,sexy
3945,sirène
3946,situation
3947,skier
3948,slide
3949,smokings
3950,snowboardeurs
3951,soin
3952,solo
3953,sommets
3954,soulèvent
3955,sous-marine
3956,sous-sol
3957,spa
3958,spectaculaire
3959,squelette
3960,stationnée
3961,statues
3962,stop
3963,substance
3964,suivre
3965,sujet
3966,sumo
3967,synthétiseur
3968,séminaire
3969,tarte
3970,taxis
3971,tendu
3972,terminant
3973,textos
3974,the
3975,tiare
3976,tiges
3977,tirés
3978,tomate
3979,tondant
3980,tournant
3981,tourniquet
3982,tournoyer
3983,tout-petits
3984,traditionnelles
3985,transparent
3986,traînent
3987,treillis
3988,triangle
3989,triant
3990,tribal
3991,tricot
3992,tricote
3993,trie
3994,trompettiste
3995,tronçon
3996,trottinettes
3997,trouble
3998,troupeau
3999,trébuche
4000,tuiles
4001,tunique
4002,tutus
4003,télé
4004,tétine
4005,ultimate
4006,université
4007,ustensiles
4008,vendus
4009,venir
4010,verticale
4011,veut
4012,vieillards
4013,villageois
4014,vise
4015,vision
4016,voient
4017,voiliers
4018,voyageant
4019,voyagent
4020,voyageurs
4021,water
4022,zébré
4023,échauffant
4024,échelles
4025,écolière
4026,écrase
4027,électricien
4028,élégante
4029,élévatrice
4030,énormes
4031,éparpillés
4032,épice
4033,étagères
4034,étincelles
4035,étranges
4036,étui
4037,12
4038,24
4039,9
4040,A&M
4041,Amérindiens
4042,Angels
4043,Assis
4044,BMW
4045,Barbie
4046,Berlin
4047,Boy
4048,Bull
4049,Café
4050,Cela
4051,Certaines
4052,Certains
4053,Chien
4054,Chinatown
4055,Cola
4056,Company
4057,Concert
4058,Coney
4059,Converse
4060,Devant
4061,Dieu
4062,Diverses
4063,Douze
4064,Espagne
4065,Frisbee
4066,Golden
4067,Guitar
4068,Hero
4069,Hollister
4070,Island
4071,Kitty
4072,Lakers
4073,Las
4074,Lego
4075,Light
4076,Mac
4077,Market
4078,Mets
4079,Mexique
4080,Mouse
4081,Mère
4082,NY
4083,Neuf
4084,Nintendo
4085,Onze
4086,Papa
4087,Patrick
4088,Petit
4089,Pizza
4090,Pâques
4091,Shop
4092,St.
4093,Story
4094,Terrier
4095,Toyota
4096,US
4097,USA
4098,Vous
4099,WC
4100,Wii
4101,abandonné
4102,abeille
4103,accidenté
4104,accompagne
4105,accompagnée
4106,accorde
4107,accrocher
4108,accueille
4109,accélérant
4110,ado
4111,affronter
4112,agriculteurs
4113,agrippant
4114,agrippe
4115,ai
4116,ait
4117,algues
4118,alignent
4119,alimentation
4120,allemands
4121,allumer
4122,allumé
4123,altitude
4124,aluminium
4125,ambulance
4126,amicale
4127,ampli
4128,anciens
4129,anges
4130,animées
4131,antiquités
4132,apparaît
4133,appliquant
4134,apprendre
4135,apprennent
4136,apprécier
4137,appuient
4138,argentés
4139,armure
4140,armés
4141,arrange
4142,arrangeant
4143,arrêtés
4144,artisanale
4145,aspergé
4146,assemble
4147,assemblée
4148,assisent
4149,assistante
4150,assoient
4151,assoit
4152,assorti
4153,assortis
4154,assure
4155,astronaute
4156,athlétiques
4157,attachant
4158,attire
4159,attrapent
4160,attrapé
4161,aube
4162,aubes
4163,auquel
4164,autocollants
4165,avancer
4166,avant-bras
4167,avantage
4168,aventure
4169,avertissement
4170,aviateur
4171,avions
4172,aviron
4173,aérien
4174,bacs
4175,bagarre
4176,baille
4177,baissant
4178,bal
4179,balaient
4180,balancelle
4181,balançoires
4182,balaye
4183,balayer
4184,ballots
4185,bambous
4186,barbelés
4187,barbote
4188,barman
4189,basculer
4190,bases
4191,battue
4192,bavarder
4193,beagle
4194,bec
4195,beignets
4196,bergers
4197,beurre
4198,bijouterie
4199,bitume
4200,blessée
4201,blé
4202,boa
4203,bondissant
4204,bongo
4205,bordures
4206,botte
4207,bouchée
4208,bouleversé
4209,bouleversée
4210,boutiques
4211,boutonnée
4212,bowl
4213,branchages
4214,brasse
4215,brassière
4216,brillent
4217,brochettes
4218,bronzant
4219,buggy
4220,bunker
4221,bâches
4222,bénévoles
4223,bérets
4224,bûche
4225,cachent
4226,cacher
4227,caddies
4228,cadres
4229,cages
4230,cahiers
4231,caissière
4232,caleçon
4233,camarades
4234,campe
4235,canadiens
4236,canine
4237,capes
4238,capitaine
4239,caractères
4240,caresser
4241,carnet
4242,carrelée
4243,casseroles
4244,cause
4245,cavalière
4246,centaines
4247,chalumeau
4248,chambres
4249,chanteurs
4250,chapelet
4251,chargent
4252,charger
4253,chargée
4254,chasser
4255,chaudement
4256,chevalier
4257,chiffons
4258,chirurgical
4259,chuchote
4260,chœur
4261,cierge
4262,cierges
4263,cirant
4264,citoyens
4265,clairière
4266,classeur
4267,classiques
4268,clé
4269,coiffer
4270,coiffée
4271,colley
4272,collie
4273,colorier
4274,comique
4275,commerce
4276,commerciale
4277,commerçante
4278,communique
4279,compagne
4280,comprenant
4281,comprend
4282,compétences
4283,concentrés
4284,concierge
4285,conditions
4286,conduite
4287,confortablement
4288,congrès
4289,conserves
4290,contemplant
4291,contractant
4292,contrôler
4293,convention
4294,conçu
4295,cookies
4296,coq
4297,cornemuses
4298,correctement
4299,cortège
4300,couette
4301,couloirs
4302,couronne
4303,cousant
4304,coussins
4305,couteaux
4306,couturière
4307,cowboys
4308,crampons
4309,crevettes
4310,crier
4311,crocodile
4312,croupier
4313,cruche
4314,crânes
4315,crêpes
4316,cueillant
4317,cueille
4318,cupcake
4319,cupcakes
4320,cyclable
4321,cygnes
4322,célébrer
4323,céramique
4324,dangereusement
4325,danseur
4326,dentiste
4327,design
4328,dessert
4329,desserts
4330,dessinent
4331,dessinées
4332,devoirs
4333,difficile
4334,dindes
4335,diplôme
4336,dirait
4337,direct
4338,directement
4339,dirigés
4340,disques
4341,distribuant
4342,distribue
4343,divan
4344,divertissant
4345,dojo
4346,doucement
4347,drapée
4348,drible
4349,dure
4350,déballant
4351,décident
4352,décider
4353,décorant
4354,décoratif
4355,découpés
4356,défile
4357,déformée
4358,déguiser
4359,déjeunant
4360,délabrée
4361,délicieuse
4362,démène
4363,déneige
4364,déneiger
4365,dépanneuse
4366,dépasse
4367,dépasser
4368,déployé
4369,dérape
4370,déroule
4371,déroulent
4372,désarçonner
4373,désordonné
4374,désordre
4375,détendre
4376,détournant
4377,détourne
4378,dînent
4379,effets
4380,effrayée
4381,elle-même
4382,embarcation
4383,empile
4384,empilés
4385,employée
4386,employées
4387,empreintes
4388,encadrées
4389,enflammé
4390,engagement
4391,enlacent
4392,enneigés
4393,enregistreuse
4394,enterré
4395,entoure
4396,entrejambe
4397,entrelacés
4398,enveloppe
4399,envole
4400,escabeau
4401,escarpée
4402,escrimeurs
4403,espagnole
4404,espèce
4405,estrade
4406,examen
4407,excitant
4408,exhibant
4409,expert
4410,explorant
4411,explorateur
4412,exprime
4413,expérimenté
4414,extrémités
4415,fabriqué
4416,facteur
4417,familles
4418,fausse
4419,façonne
4420,fermée
4421,feuillage
4422,feuillages
4423,figurines
4424,fitness
4425,fièrement
4426,flamboyant
4427,flamme
4428,fleuris
4429,flic
4430,flotteur
4431,flotteurs
4432,flous
4433,flâne
4434,fléchettes
4435,folle
4436,foncées
4437,formations
4438,formé
4439,forte
4440,fougères
4441,fouillant
4442,fourgon
4443,fournitures
4444,fraise
4445,franc
4446,franges
4447,frappés
4448,frisée
4449,frite
4450,frustré
4451,frénétiquement
4452,fûts
4453,galope
4454,garde-corps
4455,gardes
4456,gay
4457,glissent
4458,gosse
4459,goudronnée
4460,graines
4461,grains
4462,grand-mère
4463,graphique
4464,gratte-ciel
4465,grave
4466,grignote
4467,grillades
4468,guerrier
4469,guirlandes
4470,habiller
4471,habit
4472,hangar
4473,haricots
4474,histoire
4475,horloge
4476,hors-bord
4477,huttes
4478,idiot
4479,illuminée
4480,immergé
4481,important
4482,importante
4483,impression
4484,imprimée
4485,inachevée
4486,inclinable
4487,inclinée
4488,inconnu
4489,incroyable
4490,index
4491,insolite
4492,inspiration
4493,installer
4494,installées
4495,interagissant
4496,interviewe
4497,intrigué
4498,intéressantes
4499,j'
4500,jazz
4501,joggeurs
4502,joliment
4503,jonché
4504,jongleur
4505,joyeux
4506,juge
4507,karaoké
4508,kimono
4509,lame
4510,lancée
4511,lancés
4512,latex
4513,laveur
4514,lay
4515,lecteur
4516,lecture
4517,lei
4518,lentement
4519,lentille
4520,lesquels
4521,liesse
4522,limousine
4523,locaux
4524,longueur
4525,lot
4526,loterie
4527,louche
4528,luttant
4529,luxe
4530,lâché
4531,léger
4532,machette
4533,magicien
4534,magiques
4535,maillet
4536,mallette
4537,manie
4538,mannequins
4539,manque
4540,manuels
4541,manœuvrant
4542,maquiller
4543,maquillées
4544,marais
4545,marathoniens
4546,mare
4547,marie
4548,marteaux
4549,masculin
4550,massues
4551,meeting
4552,meilleure
4553,mendiant
4554,menuiserie
4555,menus
4556,message
4557,meute
4558,mi-hauteur
4559,miroirs
4560,mixeur
4561,moines
4562,molle
4563,mollet
4564,mon
4565,moque
4566,mosaïque
4567,mosquée
4568,motocyclette
4569,motoneige
4570,mouche
4571,moulante
4572,moulants
4573,multiples
4574,muscles
4575,musculation
4576,mâle
4577,mènent
4578,mètre
4579,mètres
4580,mécanicien
4581,mécanique
4582,médailles
4583,médicale
4584,méditant
4585,médiéval
4586,médiévaux
4587,mégaphone
4588,mélangent
4589,mélanger
4590,mûr
4591,naviguent
4592,neigeux
4593,niveaux
4594,nombres
4595,nourrissant
4596,nouvelles
4597,nue
4598,observé
4599,occupé
4600,occupée
4601,oeuvre
4602,officiels
4603,ollie
4604,ombragé
4605,opinions
4606,opposée
4607,orage
4608,ordinaire
4609,orgue
4610,orientales
4611,orientaux
4612,originaire
4613,origines
4614,pages
4615,pains
4616,palais
4617,palourdes
4618,panda
4619,paperasse
4620,papillons
4621,parachutiste
4622,parallèlement
4623,parcelle
4624,parent
4625,parka
4626,partenaire
4627,parties
4628,passion
4629,pasteur
4630,pastèque
4631,pataugeant
4632,pataugent
4633,pataugeoire
4634,patiemment
4635,patinage
4636,patinant
4637,pavillon
4638,pavés
4639,peigne
4640,peintures
4641,pelage
4642,pelucheux
4643,percer
4644,percussions
4645,perd
4646,petite-fille
4647,phare
4648,photographiés
4649,physique
4650,pic
4651,piercings
4652,piliers
4653,pin
4654,pingouin
4655,piqueur
4656,piétiné
4657,planeur
4658,plantés
4659,plaquent
4660,plaques
4661,plastron
4662,plates
4663,pleins
4664,pleurant
4665,pluvieuse
4666,pneumatique
4667,poignées
4668,poings
4669,pointu
4670,poker
4671,pole
4672,policière
4673,politique
4674,politiques
4675,pompe
4676,pompons
4677,ponce
4678,poncho
4679,ponchos
4680,porcs
4681,porte-bébé
4682,porte-voix
4683,portière
4684,positionne
4685,possession
4686,poster
4687,postérieur
4688,pourchassent
4689,pourrait
4690,pratiquer
4691,pressent
4692,primaire
4693,printemps
4694,profiter
4695,profondément
4696,projeté
4697,promouvant
4698,propane
4699,propose
4700,propriétaires
4701,prospectus
4702,protecteurs
4703,protégée
4704,provisions
4705,préféré
4706,prélassent
4707,préparation
4708,présentant
4709,présentent
4710,publicitaires
4711,putt
4712,pâtisserie
4713,pèse
4714,période
4715,pétrole
4716,quais
4717,quotidien
4718,raconte
4719,raides
4720,rames
4721,rangs
4722,ras
4723,rebondit
4724,recherche
4725,recouvertes
4726,recouverts
4727,recule
4728,regardé
4729,regroupées
4730,rembourré
4731,remplir
4732,rendre
4733,rentrant
4734,rentre
4735,renversée
4736,renvoyer
4737,replié
4738,repos
4739,représente
4740,retient
4741,retirer
4742,retournée
4743,retrouve
4744,revenant
4745,rituelle
4746,robuste
4747,rouillé
4748,roulé
4749,râteau
4750,règle
4751,réalise
4752,réchaud
4753,récipients
4754,récoltent
4755,récupérant
4756,récupéré
4757,réduit
4758,réfléchissantes
4759,réfrigérateur
4760,répond
4761,sablonneuse
4762,saisir
4763,sandale
4764,sangle
4765,sanitaires
4766,sari
4767,sauce
4768,saumon
4769,sauna
4770,savoureux
4771,scout
4772,sculpté
4773,secs
4774,seins
4775,serre-tête
4776,serrer
4777,serrée
4778,servis
4779,seuls
4780,showgirl
4781,side
4782,simplement
4783,simultanément
4784,sinistre
4785,sirotant
4786,sirote
4787,situe
4788,skater
4789,smasher
4790,sodas
4791,sombrero
4792,sortis
4793,souche
4794,soudage
4795,soudeur
4796,soufflent
4797,souffre
4798,sous-marin
4799,sponsorisé
4800,sportifs
4801,steak
4802,store
4803,stroboscopiques
4804,stéthoscope
4805,suis
4806,suivie
4807,supports
4808,surfent
4809,surplomb
4810,survolant
4811,survêtements
4812,suspendues
4813,suçant
4814,symbole
4815,système
4816,séchant
4817,séduisante
4818,séjour
4819,tabac
4820,taillés
4821,talkie
4822,tambourin
4823,tambours
4824,tard
4825,tartan
4826,tasses
4827,technicien
4828,technologie
4829,teckel
4830,temporaire
4831,tendues
4832,tension
4833,tenus
4834,terminent
4835,terrier
4836,test
4837,textile
4838,tissage
4839,toilette
4840,top
4841,touffue
4842,tournent
4843,tournevis
4844,traces
4845,tranchée
4846,trapèze
4847,tribunes
4848,tricoter
4849,tricycles
4850,trient
4851,trio
4852,trottant
4853,troupe
4854,troupes
4855,trucs
4856,tulipes
4857,turbans
4858,télécommandé
4859,téléphoniques
4860,témoin
4861,ukulélé
4862,uniquement
4863,unisson
4864,urbains
4865,valeur
4866,vallonné
4867,vaquent
4868,varech
4869,velu
4870,verdoyantes
4871,versent
4872,verser
4873,vigoureusement
4874,visitant
4875,vitrées
4876,vivement
4877,voilées
4878,voix
4879,volante
4880,vote
4881,voyageur
4882,véranda
4883,vérifier
4884,walkie
4885,zombie
4886,zombies
4887,ébouriffés
4888,échauffer
4889,échiquier
4890,éclabousser
4891,éclaboussée
4892,éclairées
4893,écolier
4894,écrivent
4895,élasthanne
4896,élégantes
4897,élégants
4898,émerge
4899,émission
4900,émotion
4901,éparpillées
4902,éperon
4903,épi
4904,équestre
4905,équipage
4906,étals
4907,étiquette
4908,étiquettes
4909,étrangers
4910,étreinte
4911,étudient
4912,étudier
4913,évènement
4914,%
4915,&
4916,14
4917,2008
4918,30
4919,38
4920,4x4
4921,63
4922,7
4923,8
4924,80
4925,A.
4926,ATV
4927,Africain
4928,Africains
4929,Afro-Américains
4930,Afro-américaine
4931,Airways
4932,Alaska
4933,America
4934,America'
4935,American
4936,Américain
4937,An
4938,Angleterre
4939,Après
4940,Atlanta
4941,Avec
4942,Baltimore
4943,Bank
4944,Big
4945,Bill
4946,Blanche
4947,Border
4948,Breakdance
4949,British
4950,Broadway
4951,Brésil
4952,Business
4953,Bébé
4954,CD
4955,Cadillac
4956,California
4957,Calvin
4958,Canada
4959,Care
4960,Castro
4961,Central
4962,Challenge
4963,Chevrolet
4964,Circus
4965,City
4966,Course
4967,Cyclone
4968,DU
4969,Danois
4970,Dark
4971,David
4972,Day
4973,Debout
4974,Do
4975,Doo
4976,Du
4977,ERROR
4978,East
4979,Eiffel
4980,El
4981,Engine
4982,Enrolling
4983,Express
4984,Factory
4985,France
4986,Francisco
4987,GAP
4988,Gap
4989,Garden
4990,Grand
4991,Green
4992,Groucho
4993,Harlem
4994,Heineken
4995,Hello
4996,Hommes
4997,Hopper
4998,Hotel
4999,Houston
5000,Hulk
5001,I
5002,Internet
5003,Iowa
5004,Italie
5005,Jackson
5006,James
5007,Japonaises
5008,Jeep
5009,Jim
5010,Joe
5011,Johns
5012,Joker
5013,Jésus
5014,Kawasaki
5015,King
5016,Klein
5017,LA
5018,LeBron
5019,Life
5020,Louvre
5021,MMA
5022,MP3
5023,MacBook
5024,Martini
5025,Marx
5026,McDo
5027,McDonald
5028,Michigan
5029,Mike
5030,Minnesota
5031,Mohawk
5032,Monsieur
5033,Ne
5034,Needle
5035,Nouveau
5036,Nouvel
5037,Oakland
5038,Ohio
5039,Olympiques
5040,Orioles
5041,Oxford
5042,Pabst
5043,Paris
5044,Pendant
5045,Penn
5046,Personne
5047,Pokemon
5048,Power
5049,PowerPoint
5050,Près
5051,Puma
5052,Quarte
5053,Radio
5054,Regardez
5055,Renaissance
5056,Ribbon
5057,Rodgers
5058,S'
5059,Saint
5060,Samsung
5061,Scooby
5062,Scrabble
5063,Seahawks
5064,Segway
5065,Series
5066,Sesame
5067,Side
5068,South
5069,Space
5070,Stones
5071,Sud
5072,Sud-Est
5073,Summer
5074,Sun
5075,Swiffer
5076,TV
5077,Tank
5078,Ten
5079,Thomas
5080,Tim
5081,Tout
5082,UFC
5083,Ultimate
5084,Union
5085,V
5086,Vador
5087,Vikings
5088,Vêtue
5089,Wall
5090,Welcome
5091,Wonder
5092,YMCA
5093,Yankees
5094,Zune
5095,abandonnée
5096,abattu
5097,abdos
5098,aboie
5099,aboient
5100,aborde
5101,abri
5102,acceptant
5103,accessoire
5104,accidentée
5105,acclament
5106,accomplir
5107,accomplissant
5108,accomplissent
5109,achève
5110,acrobate
5111,acrobates
5112,acrobatique
5113,activement
5114,admiration
5115,admirer
5116,affalé
5117,affection
5118,affichent
5119,afficher
5120,affleurement
5121,affronte
5122,afro
5123,age
5124,agenouillées
5125,agilité
5126,agissant
5127,agité
5128,agressivement
5129,aidée
5130,aigrette
5131,aiguilles
5132,aiment
5133,aimons
5134,ajoutant
5135,ajoute
5136,ajustent
5137,alcoolisées
5138,alcools
5139,alentours
5140,aligner
5141,alignée
5142,aliment
5143,alligator
5144,allonge
5145,allongent
5146,allumées
5147,allumés
5148,alpinisme
5149,amas
5150,amateur
5151,ambré
5152,amphithéâtre
5153,année
5154,anorak
5155,anti-incendie
5156,anti-émeute
5157,antique
5158,apparaissant
5159,apparaissent
5160,apparait
5161,appelée
5162,applaudi
5163,apportent
5164,approchés
5165,arbustes
5166,architecture
5167,archéologues
5168,arcs
5169,ardoise
5170,argenterie
5171,arides
5172,armures
5173,armées
5174,arrache
5175,arriver
5176,arrivé
5177,arroser
5178,arroseurs
5179,arrosoir
5180,arrosés
5181,arrêtées
5182,article
5183,artisanal
5184,artisanaux
5185,artérielle
5186,aspergeant
5187,asperger
5188,aspergés
5189,aspire
5190,assemblent
5191,asseoir
5192,assez
5193,assistants
5194,assistent
5195,assister
5196,assortie
5197,athlétique
5198,attablés
5199,attachées
5200,attaquant
5201,attaque
5202,attaquer
5203,atteignant
5204,attelle
5205,attentifs
5206,atterrissant
5207,attirail
5208,attirantes
5209,audio
5210,audition
5211,aujourd'hui
5212,aurai
5213,autel
5214,autocollant
5215,ave
5216,avenir
5217,aventureux
5218,averse
5219,avis
5220,badges
5221,bague
5222,baies
5223,baigné
5224,baladant
5225,baladent
5226,balayent
5227,balustrades
5228,bambins
5229,bandage
5230,bandanas
5231,baquet
5232,barbelée
5233,barbier
5234,basique
5235,batiment
5236,battes
5237,bazar
5238,beffroi
5239,berce
5240,berline
5241,bermudas
5242,besace
5243,bibelots
5244,biche
5245,bidon
5246,bientôt
5247,binette
5248,biscuits
5249,bizarrement
5250,bizarres
5251,blessures
5252,blindé
5253,blocks
5254,bloquée
5255,blottissant
5256,bobine
5257,bobsleigh
5258,bocal
5259,body
5260,boisseau
5261,bondissent
5262,borde
5263,bordés
5264,botteur
5265,bouchant
5266,bouches
5267,bouchons
5268,boucliers
5269,bouclé
5270,bouilloire
5271,boulanger
5272,bouquetière
5273,bourse
5274,bouvillon
5275,bouées
5276,boxent
5277,boîtier
5278,bracelets
5279,braderie
5280,brancard
5281,brandir
5282,braquant
5283,brassard
5284,break
5285,bretzels
5286,breuvage
5287,bride
5288,brillamment
5289,brisant
5290,brise
5291,briser
5292,brochures
5293,broché
5294,brocolis
5295,bronzée
5296,broyeuse
5297,brumeuse
5298,brumeux
5299,brûle
5300,buanderie
5301,buffle
5302,builder
5303,burger
5304,burin
5305,burqa
5306,burritos
5307,buste
5308,butte
5309,bécher
5310,bûcheron
5311,bûches
5312,bœuf
5313,cabanon
5314,cachant
5315,cachée
5316,cactus
5317,cadet
5318,cake
5319,calot
5320,cameramen
5321,campus
5322,caméscope
5323,canapés
5324,capuchon
5325,carabine
5326,carafes
5327,cardiaque
5328,cardigan
5329,cargo
5330,cariole
5331,carrée
5332,cascadeur
5333,casiers
5334,casqués
5335,catamaran
5336,cela
5337,celle-ci
5338,cellules
5339,central
5340,cerise
5341,chalet
5342,chamallows
5343,champignon
5344,chandelles
5345,charriot
5346,chassant
5347,chasse-neige
5348,chassent
5349,chasseur
5350,chauffeur
5351,chaume
5352,chaussette
5353,chauves
5354,cheminent
5355,cheminot
5356,cheminots
5357,chercheurs
5358,chevaucher
5359,chevilles
5360,chimie
5361,chimique
5362,choc
5363,choisit
5364,choix
5365,chope
5366,choristes
5367,chut
5368,châles
5369,châtains
5370,cibles
5371,cinéma
5372,cirage
5373,circuits
5374,circulaires
5375,cire
5376,cirque
5377,citerne
5378,clairement
5379,clairs
5380,clairsemés
5381,claque
5382,cloche
5383,cocher
5384,cochon
5385,cocktail
5386,coiffes
5387,coincé
5388,collecte
5389,collision
5390,colorant
5391,colorient
5392,comble
5393,commandant
5394,commandent
5395,commençant
5396,commerces
5397,communautaire
5398,communication
5399,commémoratif
5400,compartiment
5401,complexes
5402,complète
5403,comportant
5404,composant
5405,composés
5406,comptoirs
5407,concentrée
5408,concernant
5409,concevoir
5410,concourent
5411,concourir
5412,confort
5413,confus
5414,conseils
5415,conserve
5416,console
5417,consultent
5418,contemplent
5419,contient
5420,continue
5421,contrarié
5422,contre-jour
5423,contreplaqué
5424,converse
5425,coquillages
5426,cordon
5427,corgi
5428,corpulents
5429,costumée
5430,coton
5431,couchage
5432,couches
5433,coucou
5434,coudes
5435,couettes
5436,couler
5437,coulissante
5438,courbée
5439,coure
5440,courrier
5441,courroie
5442,couvercles
5443,couvrir
5444,cowgirl
5445,crabes
5446,creusée
5447,creux
5448,crient
5449,cristal
5450,crocs
5451,croisement
5452,croque
5453,créateur
5454,créatifs
5455,créature
5456,cueillent
5457,cuillères
5458,cuissardes
5459,cuisses
5460,cuivres
5461,culture
5462,câlinant
5463,célébration
5464,côtière
5465,dalmatien
5466,dance
5467,debouts
5468,demoiselle
5469,dense
5470,dentelle
5471,descendu
5472,descent
5473,devine
5474,diabolo
5475,didgeridoo
5476,diplômes
5477,diplômée
5478,dire
5479,directeur
5480,dirigent
5481,dirigé
5482,dirt
5483,dis
5484,dispersés
5485,disposée
5486,distrait
5487,distribuent
5488,distribuer
5489,distributeurs
5490,divertissent
5491,dix
5492,dollars
5493,domaine
5494,domine
5495,donc
5496,dons
5497,dortoir
5498,dossards
5499,dossiers
5500,douches
5501,douleur
5502,douzaine
5503,douze
5504,dragster
5505,dramatique
5506,draps
5507,drapé
5508,dressent
5509,dressé
5510,dressées
5511,dressés
5512,dribbler
5513,drum
5514,duel
5515,dunk
5516,dynamique
5517,dé
5518,déambulent
5519,débat
5520,déblaie
5521,débout
5522,décharge
5523,déchargent
5524,décide
5525,décollant
5526,décollent
5527,décolleté
5528,décontractées
5529,décoration
5530,décore
5531,décorés
5532,découpages
5533,découpent
5534,défendant
5535,défendent
5536,défie
5537,dégonflé
5538,dégustation
5539,déjà
5540,délabrées
5541,déluge
5542,démarque
5543,démarrent
5544,déménagement
5545,déménager
5546,démêlent
5547,déneigeant
5548,déneigement
5549,dépassant
5550,déployés
5551,dépotoir
5552,déprimé
5553,déroulant
5554,désarçonne
5555,désertique
5556,désespérément
5557,désolé
5558,désordonnée
5559,désorienté
5560,détachés
5561,détergent
5562,déterrant
5563,déverse
5564,dévisagent
5565,dînant
5566,dîne
5567,dôme
5568,effrayant
5569,effrayé
5570,em
5571,emballant
5572,embarcadère
5573,embarquant
5574,embarque
5575,emmenant
5576,emmitouflés
5577,emmènent
5578,empanadas
5579,empare
5580,empilant
5581,emporter
5582,empruntent
5583,encadrement
5584,encadré
5585,encens
5586,enchevêtrés
5587,encre
5588,endommagé
5589,endommagée
5590,endormant
5591,enflammées
5592,engage
5593,engagée
5594,engagées
5595,enlacer
5596,enlevant
5597,enlèvent
5598,enregistre
5599,enroule
5600,enseigner
5601,ensuite
5602,entendent
5603,enterrant
5604,enterrés
5605,entrain
5606,entraîner
5607,entraîneurs
5608,entraîné
5609,entraînée
5610,entretenant
5611,entretient
5612,envoi
5613,escalators
5614,escargot
5615,escarpé
5616,espadrilles
5617,espagnols
5618,espoir
5619,espresso
5620,ethnies
5621,eu
5622,européenne
5623,euros
5624,exception
5625,excitation
5626,excitée
5627,excités
5628,experts
5629,exploitation
5630,explore
5631,explorent
5632,expériences
5633,extatiquement
5634,extraire
5635,extrême
5636,extrêmement
5637,fabriquer
5638,faible
5639,faim
5640,fais
5641,faites
5642,falaises
5643,familial
5644,familiale
5645,fantaisistes
5646,fasciné
5647,fatiguée
5648,fauve
5649,favorite
5650,fermant
5651,fermement
5652,ferraille
5653,ferroviaire
5654,ferry
5655,festivités
5656,feuilletant
5657,fierté
5658,files
5659,filment
5660,final
5661,finale
5662,fini
5663,finissant
5664,finissent
5665,finit
5666,fixement
5667,fixer
5668,fixé
5669,flambeau
5670,fleuriste
5671,flexible
5672,flocons
5673,floraux
5674,flot
5675,flottante
5676,flottants
5677,fluide
5678,flèches
5679,fléchette
5680,flûtes
5681,fonçant
5682,for
5683,force
5684,formant
5685,fouiller
5686,foulée
5687,fourche
5688,fourre
5689,franchir
5690,frappeur
5691,fraîches
5692,fresques
5693,frime
5694,friser
5695,frites
5696,fronce
5697,froncent
5698,froufrous
5699,frères
5700,fuite
5701,fument
5702,fumier
5703,fumé
5704,furieusement
5705,furieux
5706,fusée
5707,fuyant
5708,fâchée
5709,féminines
5710,féroce
5711,fêtards
5712,fêtent
5713,galop
5714,gambade
5715,gamelle
5716,gardant
5717,garde-fous
5718,garde-à-vous
5719,gardiens
5720,gardée
5721,garniture
5722,gastronomique
5723,gaucher
5724,gaufre
5725,gazeuse
5726,gazonnée
5727,geisha
5728,glacé
5729,glaçage
5730,golfeurs
5731,gorgée
5732,gosses
5733,gouvernement
5734,goûtant
5735,grand-père
5736,grange
5737,gravant
5738,gravats
5739,graviers
5740,grenouille
5741,griffe
5742,grillagée
5743,grillent
5744,grillé
5745,grimaçant
5746,grimpeur
5747,grincheux
5748,grind
5749,guident
5750,gère
5751,géométrique
5752,habilement
5753,habille
5754,hachette
5755,half
5756,haut-parleur
5757,haut-parleurs
5758,hawaïen
5759,heureuses
5760,hibou
5761,hijab
5762,hindou
5763,hipsters
5764,hirsute
5765,hirsutes
5766,hispaniques
5767,historiques
5768,hoops
5769,horrible
5770,horrifié
5771,hors-champ
5772,huile
5773,humains
5774,humoristique
5775,hurle
5776,husky
5777,héron
5778,iPad
5779,iPhone
5780,identifié
5781,igloo
5782,illuminent
5783,imite
5784,immenses
5785,immobiles
5786,immobilisé
5787,imperméables
5788,impliquée
5789,impliquées
5790,imposants
5791,impressionnante
5792,impériale
5793,incline
5794,inclinent
5795,indigène
5796,indigènes
5797,indique
5798,industrielle
5799,informelle
5800,inhabituel
5801,inondé
5802,inondée
5803,insecte
5804,insectes
5805,inspecteurs
5806,institut
5807,internationaux
5808,internet
5809,interroge
5810,intervenant
5811,intervention
5812,interviennent
5813,interview
5814,intimité
5815,intitulée
5816,intégral
5817,intégralement
5818,intéressante
5819,irrité
5820,isolé
5821,isolée
5822,italien
5823,jacuzzi
5824,jaillissent
5825,jambières
5826,japonaises
5827,jerrican
5828,jeudi
5829,joggeur
5830,joggeuse
5831,joignant
5832,jointes
5833,journaliste
5834,journalistes
5835,joyeuse
5836,juché
5837,judo
5838,juif
5839,juive
5840,jumeaux
5841,jumelle
5842,jumping
5843,justice
5844,karts
5845,kebab
5846,kit
5847,képi
5848,"l""herbe"
5849,labourant
5850,laissent
5851,laisser
5852,laisses
5853,laitue
5854,lampadaires
5855,lampes
5856,lances
5857,lapse
5858,larmes
5859,latino
5860,latérale
5861,lavage
5862,lavande
5863,laveurs
5864,lettre
5865,libère
5866,limonade
5867,lissent
5868,liste
5869,lits
5870,livrent
5871,locales
5872,locomotives
5873,lointaine
5874,lois
5875,longe
5876,longtemps
5877,longueurs
5878,looping
5879,love
5880,luminaires
5881,luxuriant
5882,lèvre
5883,légers
5884,légères
5885,lézard
5886,maille
5887,maintenance
5888,maintenant
5889,maisonnette
5890,majeur
5891,maladroitement
5892,malheureuse
5893,manifeste
5894,manivelle
5895,manucure
5896,manœuvre
5897,maquilleuse
5898,maquillés
5899,maracas
5900,marchande
5901,marchands
5902,mariachi
5903,marient
5904,marier
5905,marionnettes
5906,maritimes
5907,marquant
5908,martial
5909,marécageuse
5910,marécageux
5911,masculins
5912,masquant
5913,massage
5914,masse
5915,matador
5916,matelassé
5917,matelassée
5918,mathématiques
5919,matière
5920,matériaux
5921,mauvais
5922,mauvaise
5923,mauve
5924,mauves
5925,maçonnerie
5926,maîtres
5927,mesurant
5928,meulage
5929,mexicains
5930,miche
5931,milliers
5932,mime
5933,mine
5934,mineurs
5935,mini-golf
5936,mini-jupe
5937,miniatures
5938,minijupe
5939,minijupes
5940,minutieuse
5941,minutieusement
5942,mixe
5943,mixer
5944,mobylettes
5945,modeste
5946,modèles
5947,moelleux
5948,moi
5949,mongol
5950,moniteurs
5951,monster
5952,monticules
5953,montré
5954,montrée
5955,monture
5956,montée
5957,montés
5958,mordent
5959,mordillant
5960,mordille
5961,motocycliste
5962,mouchoir
5963,moule
5964,moussant
5965,moustaches
5966,moustiquaire
5967,mug
5968,multimédia
5969,multitude
5970,muni
5971,municipaux
5972,mural
5973,musclée
5974,musicale
5975,musicienne
5976,musulmane
5977,mâchant
5978,médias
5979,mémoire
5980,métallurgiste
5981,mûre
5982,neiges
5983,nid
5984,ninja
5985,niveler
5986,noeuds
5987,nos
5988,notamment
5989,note
5990,notre
5991,nounou
5992,nourrir
5993,nourrissent
5994,nuances
5995,nécessaire
5996,négligemment
5997,négligée
5998,néon
5999,observateurs
6000,observation
6001,occupant
6002,occuper
6003,ocre
6004,oeil
6005,offrant
6006,oies
6007,ondulés
6008,open
6009,oppose
6010,orateur
6011,ordinaires
6012,organisation
6013,organisent
6014,organisé
6015,oriente
6016,ornemental
6017,orteils
6018,ouvertes
6019,ouvrent
6020,oxygène
6021,paddle
6022,pagayer
6023,pagne
6024,paissent
6025,palettes
6026,panache
6027,panorama
6028,paquets
6029,parachutisme
6030,parallèle
6031,paralympiques
6032,parapente
6033,parcmètre
6034,parcourent
6035,parcourt
6036,pardessus
6037,pare-brise
6038,parois
6039,partent
6040,parterre
6041,particulière
6042,partitions
6043,party
6044,passagère
6045,passionnément
6046,passionnés
6047,passoire
6048,passées
6049,pastel
6050,patineuses
6051,patriotique
6052,patrons
6053,patrouillent
6054,pauvres
6055,pauvreté
6056,pavant
6057,paysager
6058,peintres
6059,pelleter
6060,pelletées
6061,pelotes
6062,pelucheuse
6063,pelucheuses
6064,pendante
6065,pendu
6066,perchiste
6067,percuté
6068,percée
6069,perdant
6070,perle
6071,permet
6072,perroquet
6073,pesant
6074,pharmacie
6075,photographiant
6076,photographique
6077,pianiste
6078,pilotage
6079,pingouins
6080,pique
6081,pissenlit
6082,piton
6083,placent
6084,placer
6085,places
6086,placé
6087,plaisance
6088,plaisanciers
6089,plaisantant
6090,planchiste
6091,plantent
6092,plaqueur
6093,pliant
6094,plient
6095,pliée
6096,pochette
6097,poignet
6098,poignets
6099,pointent
6100,points
6101,pointée
6102,poirier
6103,poitrines
6104,pollution
6105,polystyrène
6106,poméranien
6107,popcorn
6108,portait
6109,porte-monnaie
6110,porte-vélos
6111,positionné
6112,post-it
6113,postales
6114,posture
6115,poudreuse
6116,poulie
6117,poulies
6118,poursuivent
6119,poursuivi
6120,pouvons
6121,pratiquants
6122,pratiquement
6123,preuve
6124,primitif
6125,princesse
6126,principal
6127,prière
6128,problème
6129,production
6130,profil
6131,programmes
6132,projette
6133,promeneur
6134,promené
6135,prononce
6136,propriété
6137,protestent
6138,protester
6139,protège-oreilles
6140,protègent
6141,protégeant
6142,prudemment
6143,précipitent
6144,prélasse
6145,préparé
6146,préparée
6147,présence
6148,présent
6149,présentateur
6150,présentes
6151,préservatifs
6152,prêtes
6153,pulvérisent
6154,punch
6155,punching
6156,pupitres
6157,pédalent
6158,pédales
6159,pédestre
6160,pélican
6161,péniblement
6162,pénombre
6163,pénètre
6164,pénétrer
6165,quasiment
6166,quaterback
6167,quelle
6168,questions
6169,queues
6170,quotidiennes
6171,race
6172,racines
6173,raffute
6174,rafraîchissante
6175,rafraîchissements
6176,raison
6177,ramassé
6178,rampant
6179,rampent
6180,ranch
6181,rapport
6182,rapportant
6183,rapprochant
6184,rapprocher
6185,rassembler
6186,rassemblé
6187,rasée
6188,rattraper
6189,raté
6190,rebondissent
6191,reconstitution
6192,recouvrent
6193,rectangulaire
6194,recyclage
6195,regards
6196,regardée
6197,regardées
6198,regardés
6199,rejoindre
6200,relevant
6201,relevé
6202,rembarde
6203,remontant
6204,remorqueur
6205,remplies
6206,remporter
6207,renaissance
6208,rendu
6209,renverser
6210,repasse
6211,repasser
6212,reportage
6213,reprenant
6214,repéré
6215,respectifs
6216,respectivement
6217,respiratoire
6218,respirer
6219,responsable
6220,ressembler
6221,ressort
6222,ressources
6223,restaurants
6224,retard
6225,retirant
6226,retirée
6227,retirées
6228,retour
6229,retournent
6230,retourner
6231,retrait
6232,retraite
6233,retrouvent
6234,revient
6235,reçoivent
6236,reçu
6237,ridicules
6238,rinçant
6239,risque
6240,rocailleuse
6241,rocker
6242,roi
6243,rondin
6244,rouet
6245,rouille
6246,roulée
6247,routes
6248,routier
6249,routine
6250,rugbyman
6251,rugbymen
6252,ruine
6253,réaction
6254,réagissent
6255,réchauffent
6256,récoltant
6257,récoltés
6258,réconfortant
6259,réconforte
6260,récréatif
6261,récréation
6262,récupèrent
6263,rédigeant
6264,réflexion
6265,réfléchir
6266,réfléchissent
6267,réfugient
6268,réfugiés
6269,référence
6270,réparateur
6271,réponses
6272,réseau
6273,résidentiel
6274,résille
6275,rétro-projecteur
6276,réunit
6277,rôle
6278,sais
6279,sait
6280,samouraï
6281,sandwiches
6282,sangles
6283,sauf
6284,saupoudre
6285,sauteur
6286,sauver
6287,sauveteur
6288,savonneuse
6289,saxophones
6290,saxophoniste
6291,saxophonistes
6292,scient
6293,scier
6294,scintillante
6295,scolaires
6296,sculpter
6297,second
6298,secouriste
6299,section
6300,sein
6301,sellés
6302,semblables
6303,semi-remorque
6304,sentant
6305,serpentins
6306,serpillière
6307,serrure
6308,serrées
6309,servi
6310,session
6311,sexe
6312,shampooing
6313,shoot
6314,show
6315,signal
6316,signant
6317,sinueux
6318,sirop
6319,skateboarder
6320,sketch
6321,skieuse
6322,skimboard
6323,slalome
6324,snack
6325,snorkeling
6326,snowboards
6327,social
6328,soie
6329,soient
6330,soigne
6331,soignée
6332,soins
6333,solaire
6334,sommes
6335,sorti
6336,soucoupe
6337,soudant
6338,soudent
6339,soufflé
6340,soulevées
6341,source
6342,sourires
6343,soutenu
6344,souterrain
6345,souterraine
6346,spare
6347,sphères
6348,spinning
6349,sponsorisée
6350,sprinkler
6351,spéciale
6352,starting
6353,stationnaire
6354,stationnées
6355,street
6356,string
6357,stupide
6358,succès
6359,suce
6360,super-héros
6361,supérieur
6362,surchargé
6363,surdimensionné
6364,surplombent
6365,surpris
6366,surveillance
6367,surveiller
6368,survole
6369,survolent
6370,sushis
6371,suspect
6372,suspension
6373,sweats
6374,sweet
6375,swing
6376,symboles
6377,synchronisées
6378,sépare
6379,séparées
6380,séquoia
6381,sérieux
6382,sœurs
6383,tablette
6384,tache
6385,taggée
6386,tagué
6387,tailles
6388,tailleur
6389,talus
6390,tambourins
6391,tandem
6392,tapote
6393,tartes
6394,tatouer
6395,taureaux
6396,tentative
6397,terminus
6398,terres
6399,teste
6400,thème
6401,tickets
6402,time
6403,tireuse
6404,tiroir
6405,tirées
6406,tissée
6407,toast
6408,toits
6409,tombées
6410,ton
6411,tondue
6412,tortillas
6413,totalement
6414,touché
6415,tourisme
6416,tourne-disque
6417,tournesol
6418,tournoie
6419,tournés
6420,tours
6421,tout-terrain
6422,tracer
6423,traction
6424,trait
6425,trajet
6426,tranquillement
6427,transparents
6428,transpire
6429,transportent
6430,transporter
6431,transports
6432,transversale
6433,travailleuses
6434,travesti
6435,traîne
6436,traîneaux
6437,traînée
6438,tremplin
6439,trentaine
6440,tressé
6441,tribale
6442,tribales
6443,tribaux
6444,tricolore
6445,tricots
6446,tristes
6447,triture
6448,trottoirs
6449,trouvé
6450,truelle
6451,tu
6452,tue
6453,tuniques
6454,téléphérique
6455,téléviseur
6456,tôle
6457,unie
6458,uniques
6459,universitaires
6460,urgentistes
6461,urinoir
6462,vais
6463,vapeur
6464,vaporisée
6465,vase
6466,vendeuse
6467,verglacé
6468,verglacée
6469,version
6470,vestons
6471,veulent
6472,viandes
6473,victime
6474,vide-grenier
6475,vieillard
6476,vieillotte
6477,vies
6478,vietnamien
6479,vingtaine
6480,vins
6481,violence
6482,violonistes
6483,virevolter
6484,visant
6485,visiblement
6486,visiteurs
6487,vivant
6488,vivante
6489,vivent
6490,vois
6491,voiturette
6492,volaille
6493,volkswagen
6494,voltigeur
6495,volée
6496,vrai
6497,vélotaxi
6498,vétérans
6499,western
6500,wok
6501,yo
6502,yoyo
6503,zigzaguer
6504,Ça
6505,ébrouant
6506,ébrouent
6507,écartées
6508,échafaud
6509,échangeant
6510,échantillons
6511,échauffent
6512,éclaboussé
6513,éclair
6514,éclairés
6515,éclat
6516,éclectique
6517,écorce
6518,écossaises
6519,écouteur
6520,écriteau
6521,écrits
6522,écureuil
6523,égouts
6524,éjectée
6525,élaboré
6526,élaborée
6527,élancent
6528,élevage
6529,élevé
6530,élément
6531,émerveillée
6532,énergiquement
6533,épaisseurs
6534,éparse
6535,épinglés
6536,épluchant
6537,éprouvette
6538,épuisé
6539,équilibré
6540,équipée
6541,équitation
6542,érable
6543,établi
6544,étalant
6545,éteignent
6546,étendant
6547,étirements
6548,étirent
6549,étrangère
6550,étrangères
6551,étudiantes
6552,évacuer
6553,éventails
6554,éventuellement
